Gene,NSC_state,Neu_state,NSC_eu_signal,NSC_hetero_signal,Neu_eu_signal,Neu_hetero_signal,NSC_eu_hetero_ratio,Neu_eu_hetero_ratio
AI854703,Euchromatin,Unknown,0.198674,0.0,0.0,0.0,0,0
AW822252,Unknown,Unknown,0.0,0.0,0.0,0.0,0,0
Aacs,Euchromatin,Euchromatin,0.239582,0.0,0.231038,0.0,0,0
Abcc10,Euchromatin,Euchromatin,0.274397,0.0,0.12845,0.0,0,0
Abcd4,Euchromatin,Euchromatin,0.162294,0.0,0.107072,0.0,0,0
Abtb3,Unknown,Unknown,0.0,0.0,0.0,0.0,0,0
Acadm,Unknown,Unknown,0.0,0.0,0.0,0.0,0,0
Actl6b,Euchromatin,Euchromatin,0.176577,0.0,0.17775900000000003,0.0,0,0
Actl7b,Euchromatin,Unknown,0.114369,0.0,0.0,0.0,0,0
Adamts15,Unknown,Unknown,0.0,0.0,0.0,0.0,0,0
Adamts19,Unknown,Heterochromatin,0.0,0.0,0.0,-0.132526,0,0
Adamtsl1,Unknown,Unknown,0.0,0.0,0.0,0.0,0,0
Adap1,Euchromatin,Euchromatin,0.220612,0.0,0.195086,0.0,0,0
Adra2c,Euchromatin,Euchromatin,0.240225,0.0,0.10367099999999999,0.0,0,0
Agap3,Euchromatin,Euchromatin,0.265819,0.0,0.15152,0.0,0,0
Agtrap,Euchromatin,Euchromatin,0.261255,0.0,0.127761,0.0,0,0
Ahrr,Unknown,Unknown,0.0,0.0,0.0,0.0,0,0
Aifm1,Unknown,Unknown,0.0,0.0,0.0,0.0,0,0
Ak2,Euchromatin,Unknown,0.166979,0.0,0.0,0.0,0,0
Ak4,Unknown,Unknown,0.0,0.0,0.0,0.0,0,0
Akap8l,Euchromatin,Euchromatin,0.131446,0.0,0.10201,0.0,0,0
Akirin1,Euchromatin,Euchromatin,0.119145,0.0,0.106085,0.0,0,0
Aktip,Heterochromatin,Unknown,0.126547,-0.106129,0.0,0.0,0,0
Aldh4a1,Euchromatin,Euchromatin,0.274259,0.0,0.165452,0.0,0,0
Alg1,Euchromatin,Euchromatin,0.179139,0.0,0.10383,0.0,0,0
Amd2,Heterochromatin,Unknown,0.0,-0.108136,0.0,0.0,0,0
Amn,Euchromatin,Euchromatin,0.254982,0.0,0.144175,0.0,0,0
Ankrd26,Unknown,Unknown,0.0,0.0,0.0,0.0,0,0
Ankrd35,Euchromatin,Unknown,0.146654,0.0,0.0,0.0,0,0
Ano1,Euchromatin,Euchromatin,0.253036,0.0,0.107449,0.0,0,0
Ano10,Unknown,Unknown,0.0,0.0,0.0,0.0,0,0
Ap1s2,Unknown,Unknown,0.0,0.0,0.0,0.0,0,0
Ap1s3,Unknown,Unknown,0.0,0.0,0.0,0.0,0,0
Ap3d1,Euchromatin,Euchromatin,0.246113,0.0,0.166341,0.0,0,0
Aqp5,Euchromatin,Unknown,0.242992,0.0,0.0,0.0,0,0
Arfgef1,Unknown,Unknown,0.0,0.0,0.0,0.0,0,0
Arhgap22,Euchromatin,Unknown,0.10494,0.0,0.0,0.0,0,0
Arhgef28,Unknown,Unknown,0.0,0.0,0.0,0.0,0,0
Ark2n,Unknown,Unknown,0.0,0.0,0.0,0.0,0,0
Armc2,Unknown,Unknown,0.0,0.0,0.0,0.0,0,0
Arrb1,Euchromatin,Euchromatin,0.117378,0.0,0.109208,0.0,0,0
Art3,Unknown,Unknown,0.0,0.0,0.0,0.0,0,0
Ascl4,Unknown,Unknown,0.0,0.0,0.0,0.0,0,0
Ascl5,Euchromatin,Unknown,0.13629591800000002,0.0,0.0,0.0,0,0
Atcayos,Euchromatin,Euchromatin,0.28512,0.0,0.233042,0.0,0,0
Ate1,Unknown,Unknown,0.0,0.0,0.0,0.0,0,0
Atf6b,Euchromatin,Unknown,0.237366,0.0,0.0,0.0,0,0
Atp11b,Unknown,Unknown,0.0,0.0,0.0,0.0,0,0
Atp2a3,Euchromatin,Euchromatin,0.235685,0.0,0.104541,0.0,0,0
Atp5f1e,Unknown,Unknown,0.0,0.0,0.0,0.0,0,0
Atp5mc1,Unknown,Unknown,0.0,0.0,0.0,0.0,0,0
Atp6v1c2,Euchromatin,Unknown,0.123339,0.0,0.0,0.0,0,0
Atr,Heterochromatin,Unknown,0.0,-0.122169,0.0,0.0,0,0
Atxn1l,Euchromatin,Unknown,0.144441,0.0,0.0,0.0,0,0
Auh,Euchromatin,Unknown,0.112733,0.0,0.0,0.0,0,0
Aup1,Euchromatin,Euchromatin,0.256287,0.0,0.165681,0.0,0,0
B3gnt8,Euchromatin,Euchromatin,0.224747,0.0,0.122032,0.0,0,0
B4galnt4,Euchromatin,Euchromatin,0.21206,0.0,0.193824,0.0,0,0
BC034090,Euchromatin,Euchromatin,0.242807,0.0,0.141326,0.0,0,0
Baiap2l2,Euchromatin,Euchromatin,0.245683,0.0,0.133546,0.0,0,0
Baiap3,Euchromatin,Euchromatin,0.217492,0.0,0.11645,0.0,0,0
Barhl1,Euchromatin,Euchromatin,0.218875,0.0,0.105147,0.0,0,0
Baz2a,Unknown,Unknown,0.0,0.0,0.0,0.0,0,0
Bcan,Euchromatin,Unknown,0.180266,0.0,0.0,0.0,0,0
Bcdin3d,Euchromatin,Unknown,0.159892,0.0,0.0,0.0,0,0
Bcl11b,Euchromatin,Unknown,0.171618,0.0,0.0,0.0,0,0
Bcor,Unknown,Unknown,0.0,0.0,0.0,0.0,0,0
Bcorl1,Euchromatin,Unknown,0.122737,0.0,0.0,0.0,0,0
Bdnf,Unknown,Heterochromatin,0.0,0.0,0.0,-0.174505,0,0
Bhlhb9,Unknown,Unknown,0.0,0.0,0.0,0.0,0,0
Blm,Unknown,Unknown,0.0,0.0,0.0,0.0,0,0
Bmal2,Unknown,Unknown,0.0,0.0,0.0,0.0,0,0
Bmp3,Unknown,Unknown,0.0,0.0,0.0,0.0,0,0
Boc,Unknown,Unknown,0.0,0.0,0.0,0.0,0,0
Bod1l,Unknown,Unknown,0.0,0.0,0.0,0.0,0,0
Brinp1,Unknown,Unknown,0.0,0.0,0.0,0.0,0,0
Brinp2,Unknown,Heterochromatin,0.0,0.0,0.0,-0.13332400000000003,0,0
Brpf3,Euchromatin,Euchromatin,0.20425448499999999,0.0,0.13336915500000002,0.0,0,0
Brsk2,Unknown,Unknown,0.0,0.0,0.0,0.0,0,0
Bsg,Euchromatin,Euchromatin,0.292326,0.0,0.227042,0.0,0,0
Btbd18,Unknown,Unknown,0.0,0.0,0.0,0.0,0,0
Btbd2,Euchromatin,Euchromatin,0.276467,0.0,0.219837,0.0,0,0
Bub1b,Euchromatin,Unknown,0.122841,0.0,0.0,0.0,0,0
C1ql4,Euchromatin,Unknown,0.249544,0.0,0.0,0.0,0,0
Cabin1,Euchromatin,Unknown,0.147815,0.0,0.0,0.0,0,0
Cacna1a,Euchromatin,Unknown,0.118715,0.0,0.0,0.0,0,0
Cacna1f,Unknown,Unknown,0.0,0.0,0.0,0.0,0,0
Cactin,Euchromatin,Euchromatin,0.351409,0.0,0.207074,0.0,0,0
Camk2b,Euchromatin,Unknown,0.164882,0.0,0.0,0.0,0,0
Camkv,Euchromatin,Euchromatin,0.246973,0.0,0.15621599999999997,0.0,0,0
Capn2,Euchromatin,Unknown,0.11431,0.0,0.0,0.0,0,0
Car7,Unknown,Unknown,0.0,0.0,0.0,0.0,0,0
Carns1,Euchromatin,Euchromatin,0.326667,0.0,0.105357,0.0,0,0
Cask,Unknown,Unknown,0.0,0.0,0.0,0.0,0,0
Casz1,Euchromatin,Euchromatin,0.196513,0.0,0.106713,0.0,0,0
Catspere2,Unknown,Unknown,0.0,0.0,0.0,0.0,0,0
Cbl,Unknown,Unknown,0.0,0.0,0.0,0.0,0,0
Cbln4,Euchromatin,Unknown,0.112982,0.0,0.0,0.0,0,0
Cbx1,Euchromatin,Euchromatin,0.157503,0.0,0.119136,0.0,0,0
Cbx2,Euchromatin,Unknown,0.251104,0.0,0.0,0.0,0,0
Ccar1,Unknown,Unknown,0.0,0.0,0.0,0.0,0,0
Ccdc125,Euchromatin,Euchromatin,0.142042,0.0,0.14035,0.0,0,0
Ccdc174,Unknown,Unknown,0.0,0.0,0.0,0.0,0,0
Ccdc184,Unknown,Unknown,0.0,0.0,0.0,0.0,0,0
Ccdc186,Unknown,Unknown,0.0,0.0,0.0,0.0,0,0
Ccdc57,Euchromatin,Euchromatin,0.187308,0.0,0.17227,0.0,0,0
Cdc42bpg,Euchromatin,Euchromatin,0.316867,0.0,0.177745,0.0,0,0
Cdh13,Unknown,Unknown,0.0,0.0,0.0,0.0,0,0
Cdh20,Heterochromatin,Heterochromatin,0.0,-0.142543,0.0,-0.15708,0,0
Cdh22,Euchromatin,Euchromatin,0.262657,0.0,0.164381,0.0,0,0
Cdh23,Euchromatin,Euchromatin,0.186359,0.0,0.138045,0.0,0,0
Cdkn1a,Euchromatin,Euchromatin,0.223884,0.0,0.110345,0.0,0,0
Cdkn3,Unknown,Unknown,0.0,0.0,0.0,0.0,0,0
Cdpf1,Euchromatin,Unknown,0.235381,0.0,0.0,0.0,0,0
Celsr3,Euchromatin,Euchromatin,0.208921,0.0,0.118879,0.0,0,0
Cenpj,Unknown,Unknown,0.0,0.0,0.0,0.0,0,0
Cenpu,Unknown,Unknown,0.0,0.0,0.0,0.0,0,0
Cert1,Unknown,Unknown,0.0,0.0,0.0,0.0,0,0
Chac1,Euchromatin,Euchromatin,0.170410519,0.0,0.12469499999999999,0.0,0,0
Chd3,Euchromatin,Euchromatin,0.192723,0.0,0.121484,0.0,0,0
Chek1,Unknown,Unknown,0.0,0.0,0.0,0.0,0,0
Chrna4,Euchromatin,Unknown,0.233199,0.0,0.0,0.0,0,0
Ciao3,Euchromatin,Euchromatin,0.24346,0.0,0.151553,0.0,0,0
Cilp2,Euchromatin,Euchromatin,0.306928,0.0,0.214395,0.0,0,0
Clasrp,Euchromatin,Euchromatin,0.231836,0.0,0.157136,0.0,0,0
Clcn5,Unknown,Unknown,0.0,0.0,0.0,0.0,0,0
Cldn3,Euchromatin,Euchromatin,0.200139,0.0,0.107716,0.0,0,0
Clmp,Euchromatin,Unknown,0.126838,0.0,0.0,0.0,0,0
Cnpy1,Unknown,Unknown,0.0,0.0,0.0,0.0,0,0
Coa4,Unknown,Unknown,0.0,0.0,0.0,0.0,0,0
Coa8,Unknown,Unknown,0.0,0.0,0.0,0.0,0,0
Cobl,Unknown,Unknown,0.0,0.0,0.0,0.0,0,0
Cog6,Unknown,Heterochromatin,0.0,0.0,0.0,-0.123355,0,0
Cops7b,Unknown,Unknown,0.0,0.0,0.0,0.0,0,0
Coq10a,Euchromatin,Euchromatin,0.224881,0.0,0.14137899999999998,0.0,0,0
Cox6a1,Euchromatin,Euchromatin,0.173914355,0.0,0.128661,0.0,0,0
Cox6b1,Euchromatin,Euchromatin,0.178386,0.0,0.187672,0.0,0,0
Cpeb3,Unknown,Unknown,0.0,0.0,0.0,0.0,0,0
Crabp1,Euchromatin,Unknown,0.126613,0.0,0.0,0.0,0,0
Creb3l1,Euchromatin,Euchromatin,0.18732,0.0,0.151834,0.0,0,0
Creld1,Euchromatin,Unknown,0.226829,0.0,0.0,0.0,0,0
Ctif,Euchromatin,Unknown,0.292782,0.0,0.0,0.0,0,0
Ctxnd1,Unknown,Unknown,0.0,0.0,0.0,0.0,0,0
Cul5,Unknown,Unknown,0.0,0.0,0.0,0.0,0,0
Cyld,Euchromatin,Unknown,0.152152,0.0,0.0,0.0,0,0
Cyp26c1,Unknown,Unknown,0.0,0.0,0.0,0.0,0,0
D030028A08Rik,Euchromatin,Euchromatin,0.220124,0.0,0.143351,0.0,0,0
Dab2ip,Euchromatin,Unknown,0.25615,0.0,0.0,0.0,0,0
Dapk2,Euchromatin,Unknown,0.159439,0.0,0.0,0.0,0,0
Dbil5,Unknown,Unknown,0.0,0.0,0.0,0.0,0,0
Dcaf8,Unknown,Unknown,0.0,0.0,0.0,0.0,0,0
Dda1,Euchromatin,Euchromatin,0.2876,0.0,0.195086,0.0,0,0
Ddb1,Euchromatin,Unknown,0.162128,0.0,0.0,0.0,0,0
Ddx24,Unknown,Unknown,0.0,0.0,0.0,0.0,0,0
Ddx52,Unknown,Unknown,0.0,0.0,0.0,0.0,0,0
Desi2,Unknown,Unknown,0.0,0.0,0.0,0.0,0,0
Dgkh,Unknown,Unknown,0.0,0.0,0.0,0.0,0,0
Dhx9,Unknown,Unknown,0.0,0.0,0.0,0.0,0,0
Dkc1,Unknown,Unknown,0.0,0.0,0.0,0.0,0,0
Dkk2,Heterochromatin,Heterochromatin,0.0,-0.110644,0.0,-0.127909,0,0
Dlg1,Unknown,Unknown,0.0,0.0,0.0,0.0,0,0
Dlgap2,Unknown,Unknown,0.0,0.0,0.0,0.0,0,0
Dlx2,Euchromatin,Unknown,0.126206,0.0,0.0,0.0,0,0
Dlx3,Euchromatin,Euchromatin,0.269519,0.0,0.181109,0.0,0,0
Dmrtb1,Euchromatin,Unknown,0.143145,0.0,0.0,0.0,0,0
Dna2,Euchromatin,Euchromatin,0.111464,0.0,0.110973,0.0,0,0
Dnah10,Euchromatin,Euchromatin,0.196771,0.0,0.160749,0.0,0,0
Dnai1,Unknown,Unknown,0.0,0.0,0.0,0.0,0,0
Dnajc22,Euchromatin,Unknown,0.249544,0.0,0.0,0.0,0,0
Dnajc5,Unknown,Unknown,0.0,0.0,0.0,0.0,0,0
Dnm3,Unknown,Unknown,0.0,0.0,0.0,0.0,0,0
Dpf1,Euchromatin,Euchromatin,0.244912,0.0,0.16406,0.0,0,0
Dpp4,Unknown,Unknown,0.0,0.0,0.0,0.0,0,0
Dpy19l1,Unknown,Euchromatin,0.0,0.0,0.19074,0.0,0,0
Drd2,Unknown,Unknown,0.0,0.0,0.0,0.0,0,0
Dusp14,Unknown,Unknown,0.0,0.0,0.0,0.0,0,0
Dusp28,Euchromatin,Euchromatin,0.195611,0.0,0.109474,0.0,0,0
Dynlt2b,Unknown,Unknown,0.0,0.0,0.0,0.0,0,0
E2f4,Euchromatin,Euchromatin,0.264134,0.0,0.165277,0.0,0,0
Edc4,Euchromatin,Unknown,0.196604,0.0,0.0,0.0,0,0
Eef1akmt4,Euchromatin,Unknown,0.171237,0.0,0.0,0.0,0,0
Egr4,Euchromatin,Unknown,0.112046,0.0,0.0,0.0,0,0
Ehd3,Unknown,Unknown,0.0,0.0,0.0,0.0,0,0
Eid2,Euchromatin,Euchromatin,0.17960800000000002,0.0,0.208726,0.0,0,0
Eif2ak3,Unknown,Unknown,0.0,0.0,0.0,0.0,0,0
Eif4b,Euchromatin,Unknown,0.142368,0.0,0.0,0.0,0,0
Elavl4,Unknown,Unknown,0.0,0.0,0.0,0.0,0,0
Elf4,Unknown,Unknown,0.0,0.0,0.0,0.0,0,0
Emc10,Euchromatin,Euchromatin,0.21298,0.0,0.138184,0.0,0,0
Emsy,Unknown,Unknown,0.0,0.0,0.0,0.0,0,0
Eno2,Euchromatin,Euchromatin,0.142276,0.0,0.192491,0.0,0,0
Eno4,Euchromatin,Unknown,0.119412,0.0,0.0,0.0,0,0
Epb41l1,Euchromatin,Euchromatin,0.180897,0.0,0.117832,0.0,0,0
Epha10,Euchromatin,Euchromatin,0.272657,0.0,0.113457,0.0,0,0
Epha7,Heterochromatin,Heterochromatin,0.0,-0.149288,0.0,-0.208583,0,0
Ephb3,Euchromatin,Unknown,0.212913,0.0,0.0,0.0,0,0
Epn1,Euchromatin,Euchromatin,0.210665,0.0,0.150661,0.0,0,0
Epop,Euchromatin,Euchromatin,0.199916,0.0,0.169302,0.0,0,0
Ercc2,Euchromatin,Euchromatin,0.347598,0.0,0.235403,0.0,0,0
Ergic2,Unknown,Unknown,0.0,0.0,0.0,0.0,0,0
Ero1b,Unknown,Unknown,0.0,0.0,0.0,0.0,0,0
Esco2,Unknown,Unknown,0.0,0.0,0.0,0.0,0,0
Espl1,Euchromatin,Euchromatin,0.203192,0.0,0.133617,0.0,0,0
Esrrb,Euchromatin,Unknown,0.192371,0.0,0.0,0.0,0,0
Esyt3,Euchromatin,Unknown,0.144908,0.0,0.0,0.0,0,0
Etl4,Unknown,Unknown,0.0,0.0,0.0,0.0,0,0
Eva1b,Euchromatin,Euchromatin,0.270563,0.0,0.162994,0.0,0,0
Eva1c,Euchromatin,Unknown,0.137484,0.0,0.0,0.0,0,0
Exo1,Unknown,Unknown,0.0,0.0,0.0,0.0,0,0
Exoc6b,Unknown,Unknown,0.0,0.0,0.0,0.0,0,0
Exosc2,Euchromatin,Unknown,0.165243,0.0,0.0,0.0,0,0
Eya3,Euchromatin,Unknown,0.127567,0.0,0.0,0.0,0,0
Faah,Euchromatin,Unknown,0.118669,0.0,0.0,0.0,0,0
Fam124a,Unknown,Unknown,0.0,0.0,0.0,0.0,0,0
Fam78a,Euchromatin,Euchromatin,0.267125,0.0,0.170172,0.0,0,0
Fam81a,Unknown,Unknown,0.0,0.0,0.0,0.0,0,0
Fam98a,Unknown,Unknown,0.0,0.0,0.0,0.0,0,0
Fanca,Euchromatin,Euchromatin,0.169739,0.0,0.138958,0.0,0,0
Fancf,Heterochromatin,Heterochromatin,0.0,-0.114238,0.0,-0.123735,0,0
Fastk,Euchromatin,Unknown,0.282024,0.0,0.0,0.0,0,0
Fbln2,Euchromatin,Unknown,0.239031,0.0,0.0,0.0,0,0
Fbn2,Unknown,Heterochromatin,0.0,0.0,0.0,-0.120567,0,0
Fbxl20,Unknown,Unknown,0.0,0.0,0.0,0.0,0,0
Fbxl22,Unknown,Unknown,0.0,0.0,0.0,0.0,0,0
Fbxo38,Unknown,Unknown,0.0,0.0,0.0,0.0,0,0
Fbxo39,Euchromatin,Unknown,0.136295,0.0,0.0,0.0,0,0
Fcho1,Euchromatin,Euchromatin,0.245278,0.0,0.12142,0.0,0,0
Fdps,Euchromatin,Euchromatin,0.190598,0.0,0.152669,0.0,0,0
Fev,Euchromatin,Unknown,0.224868,0.0,0.0,0.0,0,0
Fgf9,Unknown,Unknown,0.0,0.0,0.0,0.0,0,0
Fhip2b,Unknown,Unknown,0.0,0.0,0.0,0.0,0,0
Fignl2,Euchromatin,Unknown,0.274047,0.0,0.0,0.0,0,0
Fkbp5,Euchromatin,Euchromatin,0.256578,0.0,0.216257,0.0,0,0
Flywch1,Euchromatin,Euchromatin,0.201584,0.0,0.136346,0.0,0,0
Fn3krp,Euchromatin,Unknown,0.110014,0.0,0.0,0.0,0,0
Fnbp1,Euchromatin,Euchromatin,0.175236,0.0,0.10906999999999999,0.0,0,0
Frrs1l,Unknown,Unknown,0.0,0.0,0.0,0.0,0,0
Fubp3,Euchromatin,Unknown,0.161148,0.0,0.0,0.0,0,0
Fzd3,Unknown,Unknown,0.0,0.0,0.0,0.0,0,0
Fzd9,Euchromatin,Euchromatin,0.257407,0.0,0.149901,0.0,0,0
G6pdx,Unknown,Unknown,0.0,0.0,0.0,0.0,0,0
Gabra5,Unknown,Unknown,0.0,0.0,0.0,0.0,0,0
Galr2,Euchromatin,Euchromatin,0.230684,0.0,0.153491,0.0,0,0
Gas6,Euchromatin,Unknown,0.182721,0.0,0.0,0.0,0,0
Gdap1,Unknown,Unknown,0.0,0.0,0.0,0.0,0,0
Gdf7,Euchromatin,Euchromatin,0.273318,0.0,0.100403,0.0,0,0
Gemin8,Unknown,Unknown,0.0,0.0,0.0,0.0,0,0
Ggct,Unknown,Unknown,0.0,0.0,0.0,0.0,0,0
Gins3,Unknown,Unknown,0.0,0.0,0.0,0.0,0,0
Gins4,Unknown,Unknown,0.0,0.0,0.0,0.0,0,0
Git2,Euchromatin,Unknown,0.20065,0.0,0.0,0.0,0,0
Gjb2,Euchromatin,Unknown,0.125973,0.0,0.0,0.0,0,0
Gjb6,Euchromatin,Unknown,0.125973,0.0,0.0,0.0,0,0
Gle1,Euchromatin,Euchromatin,0.157463,0.0,0.135261,0.0,0,0
Glis1,Euchromatin,Unknown,0.148743,0.0,0.0,0.0,0,0
Gna12,Euchromatin,Unknown,0.104128,0.0,0.0,0.0,0,0
Gnb4,Euchromatin,Unknown,0.125636,0.0,0.0,0.0,0,0
Gnmt,Euchromatin,Euchromatin,0.217697,0.0,0.190513,0.0,0,0
Golga5,Unknown,Unknown,0.0,0.0,0.0,0.0,0,0
Gorasp2,Unknown,Unknown,0.0,0.0,0.0,0.0,0,0
Got2,Unknown,Euchromatin,0.0,0.0,0.189282,0.0,0,0
Gpatch2l,Euchromatin,Unknown,0.123361,0.0,0.0,0.0,0,0
Gpbp1,Unknown,Unknown,0.0,0.0,0.0,0.0,0,0
Gpr101,Unknown,Unknown,0.0,0.0,0.0,0.0,0,0
Gpr153,Euchromatin,Euchromatin,0.347103,0.0,0.100708,0.0,0,0
Gpx3,Euchromatin,Euchromatin,0.243914,0.0,0.135616,0.0,0,0
Grb10,Unknown,Unknown,0.0,0.0,0.0,0.0,0,0
Grem1,Unknown,Unknown,0.0,0.0,0.0,0.0,0,0
Grid2ip,Euchromatin,Euchromatin,0.281158,0.0,0.202131,0.0,0,0
Grin1os,Euchromatin,Euchromatin,0.28508,0.0,0.123202,0.0,0,0
Grin2a,Unknown,Unknown,0.0,0.0,0.0,0.0,0,0
Grin2c,Euchromatin,Euchromatin,0.278631,0.0,0.162483,0.0,0,0
Grk2,Unknown,Unknown,0.0,0.0,0.0,0.0,0,0
Grm2,Euchromatin,Unknown,0.187854,0.0,0.0,0.0,0,0
Grm6,Unknown,Unknown,0.0,0.0,0.0,0.0,0,0
Grp,Unknown,Unknown,0.0,0.0,0.0,0.0,0,0
Grwd1,Euchromatin,Euchromatin,0.258983,0.0,0.128927,0.0,0,0
Gsn,Euchromatin,Unknown,0.220366,0.0,0.0,0.0,0,0
Gstt2,Euchromatin,Unknown,0.146193,0.0,0.0,0.0,0,0
Gsx2,Euchromatin,Unknown,0.105949,0.0,0.0,0.0,0,0
Gtf3a,Euchromatin,Unknown,0.150061,0.0,0.0,0.0,0,0
Guf1,Heterochromatin,Heterochromatin,0.0,-0.12536,0.0,-0.13891,0,0
H2ac11,Unknown,Unknown,0.0,0.0,0.0,0.0,0,0
H4c9,Unknown,Unknown,0.0,0.0,0.0,0.0,0,0
Haus3,Unknown,Unknown,0.0,0.0,0.0,0.0,0,0
Helt,Unknown,Unknown,0.0,0.0,0.0,0.0,0,0
Hinfp,Euchromatin,Euchromatin,0.186397,0.0,0.137156,0.0,0,0
Hlcs,Euchromatin,Unknown,0.153787,0.0,0.0,0.0,0,0
Hlf,Euchromatin,Unknown,0.114938,0.0,0.0,0.0,0,0
Hmgcll1,Unknown,Heterochromatin,0.0,0.0,0.0,-0.18755,0,0
Hnrnpf,Unknown,Unknown,0.0,0.0,0.0,0.0,0,0
Hrob,Euchromatin,Euchromatin,0.270325,0.0,0.171284,0.0,0,0
Hsbp1,Euchromatin,Euchromatin,0.215993,0.0,0.115468,0.0,0,0
Hsd17b1,Euchromatin,Euchromatin,0.250807,0.0,0.142333,0.0,0,0
Htra1,Euchromatin,Unknown,0.130407,0.0,0.0,0.0,0,0
Huwe1,Heterochromatin,Heterochromatin,0.0,-0.105744,0.0,-0.113059,0,0
Ica1l,Unknown,Euchromatin,0.0,0.0,0.113025,0.0,0,0
Idh3b,Unknown,Unknown,0.0,0.0,0.0,0.0,0,0
Igf2bp3,Unknown,Euchromatin,0.0,0.0,0.1198,0.0,0,0
Igsf9,Euchromatin,Unknown,0.118632,0.0,0.0,0.0,0,0
Il7,Unknown,Unknown,0.0,0.0,0.0,0.0,0,0
Ilf2,Euchromatin,Euchromatin,0.118793,0.0,0.132557,0.0,0,0
Inava,Euchromatin,Unknown,0.190926,0.0,0.0,0.0,0,0
Ints3,Unknown,Unknown,0.0,0.0,0.0,0.0,0,0
Ip6k2,Unknown,Unknown,0.0,0.0,0.0,0.0,0,0
Ipo11,Unknown,Unknown,0.0,0.0,0.0,0.0,0,0
Iqgap3,Euchromatin,Euchromatin,0.153267,0.0,0.115596,0.0,0,0
Iqsec1,Unknown,Unknown,0.0,0.0,0.0,0.0,0,0
Ism2,Euchromatin,Euchromatin,0.156742,0.0,0.108328,0.0,0,0
Isoc2a,Euchromatin,Euchromatin,0.190326,0.0,0.136224,0.0,0,0
Itpr3,Euchromatin,Euchromatin,0.292949,0.0,0.228447,0.0,0,0
Jph3,Euchromatin,Euchromatin,0.263974,0.0,0.163971,0.0,0,0
Jpt1,Euchromatin,Unknown,0.101744,0.0,0.0,0.0,0,0
Kansl1,Unknown,Unknown,0.0,0.0,0.0,0.0,0,0
Kcna2,Unknown,Unknown,0.0,0.0,0.0,0.0,0,0
Kcna7,Euchromatin,Euchromatin,0.244379,0.0,0.160451,0.0,0,0
Kcnc2,Heterochromatin,Heterochromatin,0.0,-0.138197,0.0,-0.125771,0,0
Kcnh2,Euchromatin,Euchromatin,0.250202,0.0,0.122372,0.0,0,0
Kcnh7,Heterochromatin,Heterochromatin,0.0,-0.182074,0.0,-0.243512,0,0
Kcnip2,Euchromatin,Unknown,0.148695,0.0,0.0,0.0,0,0
Kcnj11,Euchromatin,Unknown,0.258976,0.0,0.0,0.0,0,0
Kcnj8,Unknown,Unknown,0.0,0.0,0.0,0.0,0,0
Kcnk12,Euchromatin,Unknown,0.163085,0.0,0.0,0.0,0,0
Kcnk2,Unknown,Unknown,0.0,0.0,0.0,0.0,0,0
Kctd13,Unknown,Unknown,0.0,0.0,0.0,0.0,0,0
Kctd8,Heterochromatin,Heterochromatin,0.0,-0.173734,0.0,-0.123858,0,0
Kif14,Unknown,Unknown,0.0,0.0,0.0,0.0,0,0
Kif19a,Euchromatin,Euchromatin,0.275031,0.0,0.121952,0.0,0,0
Kif26a,Euchromatin,Euchromatin,0.331202,0.0,0.218435,0.0,0,0
Kif3a,Unknown,Unknown,0.0,0.0,0.0,0.0,0,0
Kif5a,Euchromatin,Euchromatin,0.209868,0.0,0.188707,0.0,0,0
Kifbp,Euchromatin,Euchromatin,0.150973,0.0,0.114493,0.0,0,0
Kifc1,Euchromatin,Unknown,0.144615,0.0,0.0,0.0,0,0
Kifc5b,Euchromatin,Euchromatin,0.189991,0.0,0.104503,0.0,0,0
Klf1,Euchromatin,Euchromatin,0.22282862,0.0,0.187172,0.0,0,0
Klhdc4,Euchromatin,Euchromatin,0.176024,0.0,0.117576,0.0,0,0
Klhdc8a,Euchromatin,Unknown,0.182283,0.0,0.0,0.0,0,0
Klhl25,Euchromatin,Unknown,0.118529,0.0,0.0,0.0,0,0
Klhl40,Euchromatin,Euchromatin,0.326867,0.0,0.142861,0.0,0,0
Klhl42,Euchromatin,Unknown,0.12076600000000001,0.0,0.0,0.0,0,0
Krt87,Euchromatin,Unknown,0.149554,0.0,0.0,0.0,0,0
Krtcap3,Euchromatin,Unknown,0.200326,0.0,0.0,0.0,0,0
L3mbtl2,Euchromatin,Euchromatin,0.234846,0.0,0.141585,0.0,0,0
Lamc3,Euchromatin,Euchromatin,0.266751,0.0,0.10338,0.0,0,0
Large2,Euchromatin,Euchromatin,0.237448,0.0,0.16663500000000003,0.0,0,0
Larp4b,Unknown,Unknown,0.0,0.0,0.0,0.0,0,0
Lcorl,Unknown,Unknown,0.0,0.0,0.0,0.0,0,0
Lemd1,Euchromatin,Unknown,0.222318,0.0,0.0,0.0,0,0
Lgals3,Unknown,Unknown,0.0,0.0,0.0,0.0,0,0
Lgr5,Unknown,Unknown,0.0,0.0,0.0,0.0,0,0
Lipt1,Unknown,Unknown,0.0,0.0,0.0,0.0,0,0
Llgl2,Euchromatin,Unknown,0.340618,0.0,0.0,0.0,0,0
Lman2,Euchromatin,Euchromatin,0.26463,0.0,0.14577400000000001,0.0,0,0
Lrba,Unknown,Unknown,0.0,0.0,0.0,0.0,0,0
Lrfn1,Euchromatin,Euchromatin,0.20540355999999999,0.0,0.124102,0.0,0,0
Lrfn3,Euchromatin,Unknown,0.16257,0.0,0.0,0.0,0,0
Lrp3,Euchromatin,Unknown,0.199858,0.0,0.0,0.0,0,0
Lrrc26,Euchromatin,Euchromatin,0.28508,0.0,0.123202,0.0,0,0
Lrrc4b,Euchromatin,Euchromatin,0.244184,0.0,0.18986799999999998,0.0,0,0
Lrrc7,Unknown,Unknown,0.0,0.0,0.0,0.0,0,0
Lsamp,Heterochromatin,Heterochromatin,0.0,-0.113449,0.0,-0.160425,0,0
Lsm4,Euchromatin,Euchromatin,0.316148,0.0,0.177036,0.0,0,0
Lsm5,Unknown,Unknown,0.0,0.0,0.0,0.0,0,0
Ly6e,Euchromatin,Unknown,0.134084,0.0,0.0,0.0,0,0
Lyrm7,Euchromatin,Unknown,0.123413,0.0,0.0,0.0,0,0
Maged1,Unknown,Unknown,0.0,0.0,0.0,0.0,0,0
Magee2,Unknown,Unknown,0.0,0.0,0.0,0.0,0,0
Mak16,Unknown,Unknown,0.0,0.0,0.0,0.0,0,0
Man2a2,Euchromatin,Euchromatin,0.263462,0.0,0.157389,0.0,0,0
Man2b2,Euchromatin,Euchromatin,0.20156,0.0,0.117881,0.0,0,0
Map3k1,Unknown,Unknown,0.0,0.0,0.0,0.0,0,0
Map3k21,Euchromatin,Unknown,0.13534,0.0,0.0,0.0,0,0
Map3k6,Euchromatin,Euchromatin,0.294526,0.0,0.157156,0.0,0,0
Map4,Unknown,Euchromatin,0.0,0.0,0.119218,0.0,0,0
Mapk11,Euchromatin,Euchromatin,0.326167374,0.0,0.150309898,0.0,0,0
Mapk12,Euchromatin,Euchromatin,0.263863,0.0,0.164305,0.0,0,0
Mapk8ip2,Euchromatin,Euchromatin,0.198882,0.0,0.12621,0.0,0,0
Mark2,Euchromatin,Euchromatin,0.102779,0.0,0.114909,0.0,0,0
Matk,Euchromatin,Euchromatin,0.359379,0.0,0.214669,0.0,0,0
Mbd1,Euchromatin,Unknown,0.137663,0.0,0.0,0.0,0,0
Mbd3,Euchromatin,Euchromatin,0.30445205,0.0,0.24381324999999998,0.0,0,0
Mcam,Euchromatin,Euchromatin,0.241636,0.0,0.107609,0.0,0,0
Mccc2,Unknown,Unknown,0.0,0.0,0.0,0.0,0,0
Mcoln2,Unknown,Unknown,0.0,0.0,0.0,0.0,0,0
Mcrip2,Euchromatin,Euchromatin,0.280882,0.0,0.147694,0.0,0,0
Mcub,Euchromatin,Unknown,0.109866,0.0,0.0,0.0,0,0
Mdh2,Euchromatin,Euchromatin,0.206036,0.0,0.141335,0.0,0,0
Me1,Unknown,Unknown,0.0,0.0,0.0,0.0,0,0
Mecr,Euchromatin,Unknown,0.215176,0.0,0.0,0.0,0,0
Med30,Unknown,Unknown,0.0,0.0,0.0,0.0,0,0
Med4,Unknown,Unknown,0.0,0.0,0.0,0.0,0,0
Megf6,Euchromatin,Euchromatin,0.219616,0.0,0.166558,0.0,0,0
Mesp1,Euchromatin,Unknown,0.190715,0.0,0.0,0.0,0,0
Metap1d,Unknown,Unknown,0.0,0.0,0.0,0.0,0,0
Mettl3,Unknown,Unknown,0.0,0.0,0.0,0.0,0,0
Mettl8,Unknown,Unknown,0.0,0.0,0.0,0.0,0,0
Mfap3l,Unknown,Unknown,0.0,0.0,0.0,0.0,0,0
Mfsd6,Unknown,Unknown,0.0,0.0,0.0,0.0,0,0
Mia3,Unknown,Unknown,0.0,0.0,0.0,0.0,0,0
Mif4gd,Euchromatin,Euchromatin,0.236441,0.0,0.155357,0.0,0,0
Mir203,Euchromatin,Euchromatin,0.331202,0.0,0.218435,0.0,0,0
Mir3081,Unknown,Unknown,0.0,0.0,0.0,0.0,0,0
Mir5046,Euchromatin,Euchromatin,0.200339,0.0,0.15504899999999996,0.0,0,0
Mir5627,Unknown,Unknown,0.0,0.0,0.0,0.0,0,0
Mir7000,Euchromatin,Euchromatin,0.237448,0.0,0.16663500000000003,0.0,0,0
Mir7020,Euchromatin,Euchromatin,0.274259,0.0,0.165452,0.0,0,0
Mkln1os,Heterochromatin,Heterochromatin,0.0,-0.142946,0.0,-0.113019,0,0
Mlf1,Heterochromatin,Heterochromatin,0.0,-0.114976,0.0,-0.119867,0,0
Mlxipl,Euchromatin,Euchromatin,0.199969,0.0,0.142815,0.0,0,0
Mmp25,Euchromatin,Euchromatin,0.16516500000000003,0.0,0.140936,0.0,0,0
Mns1,Unknown,Unknown,0.0,0.0,0.0,0.0,0,0
Mok,Euchromatin,Euchromatin,0.181848,0.0,0.125773,0.0,0,0
Mpv17l,Unknown,Unknown,0.0,0.0,0.0,0.0,0,0
Mpv17l2,Euchromatin,Euchromatin,0.349008,0.0,0.165172,0.0,0,0
Mrpl17,Unknown,Unknown,0.0,0.0,0.0,0.0,0,0
Mrpl53,Euchromatin,Euchromatin,0.205223,0.0,0.12697,0.0,0,0
Mrps18a,Euchromatin,Unknown,0.167983,0.0,0.0,0.0,0,0
Mrps24,Euchromatin,Euchromatin,0.145807,0.0,0.117573,0.0,0,0
Msh5,Euchromatin,Euchromatin,0.259155,0.0,0.190245,0.0,0,0
Mta3,Euchromatin,Unknown,0.12175,0.0,0.0,0.0,0,0
Mtcl1,Euchromatin,Unknown,0.147874,0.0,0.0,0.0,0,0
Mthfd1,Euchromatin,Unknown,0.104021,0.0,0.0,0.0,0,0
Mthfd2,Unknown,Unknown,0.0,0.0,0.0,0.0,0,0
Mtmr14,Unknown,Unknown,0.0,0.0,0.0,0.0,0,0
Mtmr6,Unknown,Unknown,0.0,0.0,0.0,0.0,0,0
Mto1,Unknown,Unknown,0.0,0.0,0.0,0.0,0,0
Mtor,Euchromatin,Euchromatin,0.179726,0.0,0.13922,0.0,0,0
Mxd4,Unknown,Unknown,0.0,0.0,0.0,0.0,0,0
Mycl,Euchromatin,Unknown,0.203851,0.0,0.0,0.0,0,0
Myh10,Unknown,Unknown,0.0,0.0,0.0,0.0,0,0
Myod1,Euchromatin,Unknown,0.18644,0.0,0.0,0.0,0,0
N4bp2l2,Unknown,Unknown,0.0,0.0,0.0,0.0,0,0
Nans,Euchromatin,Unknown,0.145033,0.0,0.0,0.0,0,0
Nars1,Unknown,Unknown,0.0,0.0,0.0,0.0,0,0
Nat10,Unknown,Unknown,0.0,0.0,0.0,0.0,0,0
Nbeal2,Euchromatin,Unknown,0.209116,0.0,0.0,0.0,0,0
Ncmap,Euchromatin,Euchromatin,0.212992751,0.0,0.114543,0.0,0,0
Ncoa4,Unknown,Unknown,0.0,0.0,0.0,0.0,0,0
Ncoa5,Unknown,Unknown,0.0,0.0,0.0,0.0,0,0
Ndn,Unknown,Unknown,0.0,0.0,0.0,0.0,0,0
Ndufa5,Unknown,Unknown,0.0,0.0,0.0,0.0,0,0
Ndufa8,Euchromatin,Unknown,0.174762868,0.0,0.0,0.0,0,0
Nefl,Unknown,Unknown,0.0,0.0,0.0,0.0,0,0
Neu3,Unknown,Unknown,0.0,0.0,0.0,0.0,0,0
Nherf4,Unknown,Unknown,0.0,0.0,0.0,0.0,0,0
Niban1,Unknown,Unknown,0.0,0.0,0.0,0.0,0,0
Niban3,Unknown,Unknown,0.0,0.0,0.0,0.0,0,0
Nkain1,Euchromatin,Euchromatin,0.193995,0.0,0.112188,0.0,0,0
Nktr,Unknown,Unknown,0.0,0.0,0.0,0.0,0,0
Nkx1-2,Euchromatin,Unknown,0.12107228749999999,0.0,0.0,0.0,0,0
Nosip,Euchromatin,Euchromatin,0.273915,0.0,0.179538,0.0,0,0
Notch1,Euchromatin,Unknown,0.254566,0.0,0.0,0.0,0,0
Npepl1,Euchromatin,Unknown,0.134139,0.0,0.0,0.0,0,0
Nphs1os,Euchromatin,Euchromatin,0.240148,0.0,0.124374,0.0,0,0
Npm1,Unknown,Unknown,0.0,0.0,0.0,0.0,0,0
Nppc,Euchromatin,Unknown,0.114286,0.0,0.0,0.0,0,0
Nptxr,Euchromatin,Euchromatin,0.244666,0.0,0.1603,0.0,0,0
Nr0b1,Heterochromatin,Unknown,0.0,-0.10356,0.0,0.0,0,0
Nr4a3,Unknown,Unknown,0.0,0.0,0.0,0.0,0,0
Nrl,Euchromatin,Unknown,0.226035,0.0,0.0,0.0,0,0
Nrn1,Unknown,Unknown,0.0,0.0,0.0,0.0,0,0
Nrtn,Euchromatin,Euchromatin,0.255373,0.0,0.16231,0.0,0,0
Nrxn1,Heterochromatin,Heterochromatin,0.0,-0.149564,0.0,-0.120743,0,0
Nt5c3b,Euchromatin,Unknown,0.239208,0.0,0.0,0.0,0,0
Nt5e,Unknown,Unknown,0.0,0.0,0.0,0.0,0,0
Ntsr1,Euchromatin,Unknown,0.234917,0.0,0.0,0.0,0,0
Nup107,Unknown,Unknown,0.0,0.0,0.0,0.0,0,0
Nusap1,Unknown,Unknown,0.0,0.0,0.0,0.0,0,0
Obsl1,Euchromatin,Euchromatin,0.252725,0.0,0.101939,0.0,0,0
Olig1,Euchromatin,Unknown,0.132362,0.0,0.0,0.0,0,0
Omp,Euchromatin,Euchromatin,0.258183,0.0,0.142885,0.0,0,0
Osbp2,Euchromatin,Unknown,0.142899,0.0,0.0,0.0,0,0
Osbpl9,Unknown,Unknown,0.0,0.0,0.0,0.0,0,0
Papolb,Euchromatin,Euchromatin,0.158043,0.0,0.115517,0.0,0,0
Park7,Euchromatin,Euchromatin,0.148778,0.0,0.105905,0.0,0,0
Parn,Unknown,Unknown,0.0,0.0,0.0,0.0,0,0
Parva,Unknown,Unknown,0.0,0.0,0.0,0.0,0,0
Pax6os1,Euchromatin,Unknown,0.15095,0.0,0.0,0.0,0,0
Paxbp1,Unknown,Unknown,0.0,0.0,0.0,0.0,0,0
Pcbp2,Unknown,Unknown,0.0,0.0,0.0,0.0,0,0
Pcca,Unknown,Unknown,0.0,0.0,0.0,0.0,0,0
Pcdhga12,Unknown,Euchromatin,0.0,0.0,0.103054,0.0,0,0
Pcdhgb7,Unknown,Euchromatin,0.0,0.0,0.103054,0.0,0,0
Pdcd5,Euchromatin,Euchromatin,0.175844,0.0,0.117532,0.0,0,0
Pde1c,Unknown,Unknown,0.0,0.0,0.0,0.0,0,0
Pde4b,Unknown,Unknown,0.0,0.0,0.0,0.0,0,0
Pdha2,Heterochromatin,Heterochromatin,0.0,-0.150696,0.0,-0.162435,0,0
Pdpk1,Euchromatin,Euchromatin,0.263004,0.0,0.111691,0.0,0,0
Pdss1,Unknown,Unknown,0.0,0.0,0.0,0.0,0,0
Pdxp,Euchromatin,Euchromatin,0.299619,0.0,0.155973,0.0,0,0
Pdzd2,Euchromatin,Unknown,0.188169,0.0,0.0,0.0,0,0
Pfkl,Euchromatin,Euchromatin,0.212658,0.0,0.105005,0.0,0,0
Pgap3,Euchromatin,Euchromatin,0.214117,0.0,0.132399,0.0,0,0
Pgbd5,Euchromatin,Unknown,0.220394,0.0,0.0,0.0,0,0
Pi16,Euchromatin,Unknown,0.256271,0.0,0.0,0.0,0,0
Pi4k2a,Euchromatin,Euchromatin,0.14936,0.0,0.126891,0.0,0,0
Pias3,Euchromatin,Unknown,0.146654,0.0,0.0,0.0,0,0
Pias4,Euchromatin,Euchromatin,0.28512,0.0,0.233042,0.0,0,0
Pigf,Unknown,Unknown,0.0,0.0,0.0,0.0,0,0
Pip5k1c,Euchromatin,Euchromatin,0.359379,0.0,0.214669,0.0,0,0
Pisd,Unknown,Unknown,0.0,0.0,0.0,0.0,0,0
Pitrm1,Unknown,Unknown,0.0,0.0,0.0,0.0,0,0
Plbd1,Euchromatin,Unknown,0.123023,0.0,0.0,0.0,0,0
Plcb2,Euchromatin,Unknown,0.228616,0.0,0.0,0.0,0,0
Pld6,Euchromatin,Unknown,0.168072,0.0,0.0,0.0,0,0
Plek2,Euchromatin,Euchromatin,0.14103800000000002,0.0,0.14169,0.0,0,0
Plekha7,Euchromatin,Euchromatin,0.119489,0.0,0.129233,0.0,0,0
Plekhg5,Euchromatin,Euchromatin,0.322369,0.0,0.224348,0.0,0,0
Plxna3,Euchromatin,Unknown,0.116539,0.0,0.0,0.0,0,0
Pml,Euchromatin,Euchromatin,0.20534830299999998,0.0,0.15726,0.0,0,0
Pnp,Unknown,Unknown,0.0,0.0,0.0,0.0,0,0
Pnpla6,Euchromatin,Euchromatin,0.173755,0.0,0.120772,0.0,0,0
Pold2,Euchromatin,Euchromatin,0.232122,0.0,0.142423,0.0,0,0
Poli,Unknown,Unknown,0.0,0.0,0.0,0.0,0,0
Polk,Unknown,Unknown,0.0,0.0,0.0,0.0,0,0
Polr3k,Unknown,Unknown,0.0,0.0,0.0,0.0,0,0
Porcn,Unknown,Euchromatin,0.0,0.0,0.169784,0.0,0,0
Pou2f2,Euchromatin,Euchromatin,0.197027,0.0,0.136852,0.0,0,0
Ppme1,Unknown,Unknown,0.0,0.0,0.0,0.0,0,0
Ppp1r1b,Euchromatin,Euchromatin,0.254882,0.0,0.139569,0.0,0,0
Ppp1r26,Euchromatin,Euchromatin,0.175219,0.0,0.155508,0.0,0,0
Ppp1r35,Euchromatin,Euchromatin,0.132855,0.0,0.117305,0.0,0,0
Ppp1r37,Euchromatin,Euchromatin,0.269478,0.0,0.177033,0.0,0,0
Ppp4r1l-ps,Unknown,Unknown,0.0,0.0,0.0,0.0,0,0
Prc1,Euchromatin,Unknown,0.15062,0.0,0.0,0.0,0,0
Prdm12,Euchromatin,Euchromatin,0.23499,0.0,0.163961,0.0,0,0
Prkcb,Unknown,Unknown,0.0,0.0,0.0,0.0,0,0
Prkcsh,Euchromatin,Euchromatin,0.222412,0.0,0.185477,0.0,0,0
Prpf4,Euchromatin,Unknown,0.103893,0.0,0.0,0.0,0,0
Prr15,Unknown,Unknown,0.0,0.0,0.0,0.0,0,0
Prr18,Euchromatin,Euchromatin,0.139881,0.0,0.106303,0.0,0,0
Prr5,Euchromatin,Euchromatin,0.274564,0.0,0.182909,0.0,0,0
Prrc2b,Euchromatin,Euchromatin,0.20552903900000002,0.0,0.14419141000000002,0.0,0,0
Prss36,Euchromatin,Euchromatin,0.229722,0.0,0.150645,0.0,0,0
Psap,Euchromatin,Unknown,0.237293,0.0,0.0,0.0,0,0
Psme3ip1,Unknown,Unknown,0.0,0.0,0.0,0.0,0,0
Pstk,Unknown,Unknown,0.0,0.0,0.0,0.0,0,0
Pth2,Euchromatin,Euchromatin,0.327943,0.0,0.159977,0.0,0,0
Ptov1,Euchromatin,Euchromatin,0.27358,0.0,0.223019,0.0,0,0
Ptp4a3,Euchromatin,Euchromatin,0.321662,0.0,0.112375,0.0,0,0
Ptpru,Euchromatin,Unknown,0.215176,0.0,0.0,0.0,0,0
Pus1,Euchromatin,Euchromatin,0.166915,0.0,0.117354,0.0,0,0
Qrfprl,Unknown,Unknown,0.0,0.0,0.0,0.0,0,0
Qrich1,Unknown,Unknown,0.0,0.0,0.0,0.0,0,0
Rab11fip4,Euchromatin,Unknown,0.127873,0.0,0.0,0.0,0,0
Rab29,Unknown,Euchromatin,0.0,0.0,0.122012,0.0,0,0
Rab31,Euchromatin,Unknown,0.125387,0.0,0.0,0.0,0,0
Rab40b,Euchromatin,Unknown,0.100079,0.0,0.0,0.0,0,0
Rab4a,Euchromatin,Euchromatin,0.187595,0.0,0.120898,0.0,0,0
Rab5c,Euchromatin,Euchromatin,0.19548300000000002,0.0,0.131031,0.0,0,0
Rab6b,Euchromatin,Euchromatin,0.188997,0.0,0.116219,0.0,0,0
Rab8a,Euchromatin,Euchromatin,0.1133,0.0,0.113163,0.0,0,0
Racgap1,Euchromatin,Euchromatin,0.240518,0.0,0.205968,0.0,0,0
Rad52,Unknown,Unknown,0.0,0.0,0.0,0.0,0,0
Ralb,Euchromatin,Euchromatin,0.176527,0.0,0.124573,0.0,0,0
Ralgapa2,Unknown,Unknown,0.0,0.0,0.0,0.0,0,0
Ralgapb,Unknown,Unknown,0.0,0.0,0.0,0.0,0,0
Rap1gap2,Euchromatin,Euchromatin,0.157087,0.0,0.145542,0.0,0,0
Rasa4,Euchromatin,Euchromatin,0.286173,0.0,0.165929,0.0,0,0
Rasal1,Euchromatin,Euchromatin,0.274945,0.0,0.119767,0.0,0,0
Rassf1,Euchromatin,Euchromatin,0.27233156,0.0,0.10890643499999998,0.0,0,0
Rbak,Euchromatin,Unknown,0.141231,0.0,0.0,0.0,0,0
Rbfox1,Unknown,Unknown,0.0,0.0,0.0,0.0,0,0
Rbfox3,Euchromatin,Unknown,0.208142,0.0,0.0,0.0,0,0
Rbm15b,Unknown,Unknown,0.0,0.0,0.0,0.0,0,0
Rbm6,Unknown,Unknown,0.0,0.0,0.0,0.0,0,0
Rbmx2,Unknown,Unknown,0.0,0.0,0.0,0.0,0,0
Rbp7,Euchromatin,Euchromatin,0.185552,0.0,0.151313,0.0,0,0
Rcan3,Euchromatin,Unknown,0.195995,0.0,0.0,0.0,0,0
Recql,Unknown,Unknown,0.0,0.0,0.0,0.0,0,0
Reln,Unknown,Unknown,0.0,0.0,0.0,0.0,0,0
Rexo1,Euchromatin,Euchromatin,0.310833,0.0,0.22292,0.0,0,0
Rfc5,Euchromatin,Euchromatin,0.16392,0.0,0.105441,0.0,0,0
Rfwd3,Euchromatin,Unknown,0.124467,0.0,0.0,0.0,0,0
Rhpn1,Euchromatin,Unknown,0.312374,0.0,0.0,0.0,0,0
Rnaseh1,Euchromatin,Unknown,0.156926,0.0,0.0,0.0,0,0
Rnd1,Euchromatin,Euchromatin,0.174425,0.0,0.141174,0.0,0,0
Rnf141,Unknown,Unknown,0.0,0.0,0.0,0.0,0,0
Rnf32,Unknown,Unknown,0.0,0.0,0.0,0.0,0,0
Rnf39,Unknown,Unknown,0.0,0.0,0.0,0.0,0,0
Robo3,Euchromatin,Unknown,0.137782,0.0,0.0,0.0,0,0
Rpl22,Euchromatin,Euchromatin,0.232196,0.0,0.177035,0.0,0,0
Rpl34,Unknown,Unknown,0.0,0.0,0.0,0.0,0,0
Rragb,Unknown,Unknown,0.0,0.0,0.0,0.0,0,0
Rreb1,Unknown,Unknown,0.0,0.0,0.0,0.0,0,0
Rrm1,Unknown,Unknown,0.0,0.0,0.0,0.0,0,0
Rtbdn,Euchromatin,Euchromatin,0.226436,0.0,0.187172,0.0,0,0
Rtl5,Unknown,Unknown,0.0,0.0,0.0,0.0,0,0
Rtn4rl2,Euchromatin,Unknown,0.198732,0.0,0.0,0.0,0,0
Rusf1,Unknown,Unknown,0.0,0.0,0.0,0.0,0,0
S1pr4,Euchromatin,Euchromatin,0.237351,0.0,0.166389,0.0,0,0
S1pr5,Euchromatin,Euchromatin,0.239353285,0.0,0.21313092849999998,0.0,0,0
Safb,Euchromatin,Euchromatin,0.283402,0.0,0.120627,0.0,0,0
Sart1,Euchromatin,Euchromatin,0.226168,0.0,0.153612,0.0,0,0
Scai,Unknown,Unknown,0.0,0.0,0.0,0.0,0,0
Scara3,Euchromatin,Unknown,0.199308,0.0,0.0,0.0,0,0
Scx,Euchromatin,Euchromatin,0.306718,0.0,0.15886799999999998,0.0,0,0
Sdc3,Euchromatin,Unknown,0.148983,0.0,0.0,0.0,0,0
Sdr39u1,Unknown,Unknown,0.0,0.0,0.0,0.0,0,0
Sec1,Euchromatin,Euchromatin,0.222486,0.0,0.11038,0.0,0,0
Sec11a,Unknown,Unknown,0.0,0.0,0.0,0.0,0,0
Selenon,Euchromatin,Unknown,0.258262,0.0,0.0,0.0,0,0
Sema6d,Unknown,Unknown,0.0,0.0,0.0,0.0,0,0
Sephs2,Euchromatin,Euchromatin,0.144269,0.0,0.162866,0.0,0,0
Serinc2,Euchromatin,Euchromatin,0.269343,0.0,0.155492,0.0,0,0
Serp2,Euchromatin,Unknown,0.1158,0.0,0.0,0.0,0,0
Sesn2,Euchromatin,Euchromatin,0.114521,0.0,0.126744,0.0,0,0
Sfrp4,Unknown,Unknown,0.0,0.0,0.0,0.0,0,0
Sgca,Euchromatin,Euchromatin,0.180382,0.0,0.159977,0.0,0,0
Sgk3,Unknown,Unknown,0.0,0.0,0.0,0.0,0,0
Sgsm3,Euchromatin,Unknown,0.126833,0.0,0.0,0.0,0,0
Sh3bgrl2,Unknown,Unknown,0.0,0.0,0.0,0.0,0,0
Sh3gl3,Unknown,Unknown,0.0,0.0,0.0,0.0,0,0
Shank1,Euchromatin,Euchromatin,0.279934,0.0,0.16148,0.0,0,0
Shank3,Euchromatin,Euchromatin,0.198882,0.0,0.12621,0.0,0,0
Shf,Euchromatin,Unknown,0.150556,0.0,0.0,0.0,0,0
Shfl,Euchromatin,Euchromatin,0.238685,0.0,0.132546,0.0,0,0
Shisa7,Euchromatin,Euchromatin,0.17063600000000004,0.0,0.184462,0.0,0,0
Shisa9,Unknown,Unknown,0.0,0.0,0.0,0.0,0,0
Shroom3,Unknown,Unknown,0.0,0.0,0.0,0.0,0,0
Sidt1,Unknown,Unknown,0.0,0.0,0.0,0.0,0,0
Sirt5,Euchromatin,Euchromatin,0.135576,0.0,0.100325,0.0,0,0
Six4,Unknown,Unknown,0.0,0.0,0.0,0.0,0,0
Skic2,Unknown,Unknown,0.0,0.0,0.0,0.0,0,0
Slc13a2os,Euchromatin,Euchromatin,0.240995,0.0,0.130828,0.0,0,0
Slc17a7,Euchromatin,Euchromatin,0.327943,0.0,0.159977,0.0,0,0
Slc1a6,Unknown,Unknown,0.0,0.0,0.0,0.0,0,0
Slc23a2,Unknown,Unknown,0.0,0.0,0.0,0.0,0,0
Slc25a22,Euchromatin,Euchromatin,0.284699,0.0,0.198701,0.0,0,0
Slc25a43,Unknown,Unknown,0.0,0.0,0.0,0.0,0,0
Slc29a1,Euchromatin,Euchromatin,0.187298468,0.0,0.131458,0.0,0,0
Slc30a5,Unknown,Unknown,0.0,0.0,0.0,0.0,0,0
Slc35a2,Unknown,Unknown,0.0,0.0,0.0,0.0,0,0
Slc37a2,Unknown,Unknown,0.0,0.0,0.0,0.0,0,0
Slc37a3,Unknown,Unknown,0.0,0.0,0.0,0.0,0,0
Slc41a2,Unknown,Unknown,0.0,0.0,0.0,0.0,0,0
Slc4a3,Euchromatin,Euchromatin,0.252725,0.0,0.101939,0.0,0,0
Slc5a8,Unknown,Unknown,0.0,0.0,0.0,0.0,0,0
Slc6a17,Euchromatin,Unknown,0.146004,0.0,0.0,0.0,0,0
Slc7a4,Euchromatin,Euchromatin,0.155944,0.0,0.140457,0.0,0,0
Slco2a1,Euchromatin,Unknown,0.143528,0.0,0.0,0.0,0,0
Smarcc1,Unknown,Euchromatin,0.0,0.0,0.174918,0.0,0,0
Smim10l2a,Unknown,Unknown,0.0,0.0,0.0,0.0,0,0
Smoc1,Euchromatin,Unknown,0.159812,0.0,0.0,0.0,0,0
Smu1,Unknown,Euchromatin,0.0,0.0,0.102636,0.0,0,0
Smug1,Euchromatin,Unknown,0.134162,0.0,0.0,0.0,0,0
Smyd3,Unknown,Unknown,0.0,0.0,0.0,0.0,0,0
Snhg10,Euchromatin,Euchromatin,0.207195,0.0,0.112943,0.0,0,0
Snrk,Unknown,Unknown,0.0,0.0,0.0,0.0,0,0
Snrpb,Unknown,Unknown,0.0,0.0,0.0,0.0,0,0
Snrpe,Unknown,Unknown,0.0,0.0,0.0,0.0,0,0
Snx12,Unknown,Unknown,0.0,0.0,0.0,0.0,0,0
Snx22,Euchromatin,Unknown,0.169021,0.0,0.0,0.0,0,0
Snx8,Euchromatin,Euchromatin,0.182567,0.0,0.119656,0.0,0,0
Son,Euchromatin,Unknown,0.134125,0.0,0.0,0.0,0,0
Sowahd,Unknown,Unknown,0.0,0.0,0.0,0.0,0,0
Spag6l,Unknown,Euchromatin,0.0,0.0,0.37161,0.0,0,0
Speg,Euchromatin,Unknown,0.185838,0.0,0.0,0.0,0,0
Srebf1,Euchromatin,Unknown,0.253119,0.0,0.0,0.0,0,0
Srl,Euchromatin,Euchromatin,0.140317,0.0,0.117391,0.0,0,0
Srrm4,Euchromatin,Unknown,0.114849,0.0,0.0,0.0,0,0
Srsf12,Unknown,Unknown,0.0,0.0,0.0,0.0,0,0
St6galnac2,Euchromatin,Euchromatin,0.235227,0.0,0.163971,0.0,0,0
Stat5a,Euchromatin,Euchromatin,0.205274,0.0,0.109826,0.0,0,0
Stox1,Unknown,Unknown,0.0,0.0,0.0,0.0,0,0
Stx11,Unknown,Unknown,0.0,0.0,0.0,0.0,0,0
Sulf2,Euchromatin,Unknown,0.257407,0.0,0.0,0.0,0,0
Surf1,Euchromatin,Euchromatin,0.172686,0.0,0.103279,0.0,0,0
Svep1,Unknown,Unknown,0.0,0.0,0.0,0.0,0,0
Swi5,Euchromatin,Euchromatin,0.208225,0.0,0.116874,0.0,0,0
Sybu,Heterochromatin,Unknown,0.0,-0.13249,0.0,0.0,0,0
Syne4,Euchromatin,Unknown,0.244549,0.0,0.0,0.0,0,0
Sypl2,Euchromatin,Unknown,0.109364,0.0,0.0,0.0,0,0
Tal2,Unknown,Unknown,0.0,0.0,0.0,0.0,0,0
Tamm41,Euchromatin,Unknown,0.112562,0.0,0.0,0.0,0,0
Tasor,Unknown,Unknown,0.0,0.0,0.0,0.0,0,0
Tbc1d2,Euchromatin,Unknown,0.203822,0.0,0.0,0.0,0,0
Tbc1d2b,Unknown,Unknown,0.0,0.0,0.0,0.0,0,0
Tbx1,Euchromatin,Euchromatin,0.277076,0.0,0.1223,0.0,0,0
Tbx20,Unknown,Unknown,0.0,0.0,0.0,0.0,0,0
Tcp1,Unknown,Euchromatin,0.0,0.0,0.130203,0.0,0,0
Tekt5,Euchromatin,Unknown,0.187173,0.0,0.0,0.0,0,0
Tent5b,Euchromatin,Euchromatin,0.246951,0.0,0.122104,0.0,0,0
Tesk1,Euchromatin,Unknown,0.213041,0.0,0.0,0.0,0,0
Tfap2c,Euchromatin,Unknown,0.17517500000000003,0.0,0.0,0.0,0,0
Tfdp1,Euchromatin,Unknown,0.171967,0.0,0.0,0.0,0,0
Tgoln1,Euchromatin,Unknown,0.158786,0.0,0.0,0.0,0,0
Themis2,Euchromatin,Euchromatin,0.207577,0.0,0.172765,0.0,0,0
Thop1,Euchromatin,Euchromatin,0.293575,0.0,0.241546,0.0,0,0
Ticrr,Unknown,Unknown,0.0,0.0,0.0,0.0,0,0
Tigar,Euchromatin,Unknown,0.133783,0.0,0.0,0.0,0,0
Tipin,Unknown,Euchromatin,0.0,0.0,0.123337,0.0,0,0
Tmem114,Euchromatin,Euchromatin,0.163776,0.0,0.184197,0.0,0,0
Tmem132d,Unknown,Unknown,0.0,0.0,0.0,0.0,0,0
Tmem145,Euchromatin,Euchromatin,0.235763,0.0,0.219861,0.0,0,0
Tmem150a,Euchromatin,Euchromatin,0.192118,0.0,0.134456,0.0,0,0
Tmem151a,Euchromatin,Euchromatin,0.280286,0.0,0.17925,0.0,0,0
Tmem151b,Euchromatin,Euchromatin,0.2533060695,0.0,0.131458,0.0,0,0
Tmem165,Unknown,Unknown,0.0,0.0,0.0,0.0,0,0
Tmem185b,Euchromatin,Euchromatin,0.176527,0.0,0.124573,0.0,0,0
Tmem250-ps,Euchromatin,Euchromatin,0.23409,0.0,0.144348,0.0,0,0
Tmem59l,Euchromatin,Euchromatin,0.274096,0.0,0.195118,0.0,0,0
Tmx1,Unknown,Unknown,0.0,0.0,0.0,0.0,0,0
Tnc,Unknown,Unknown,0.0,0.0,0.0,0.0,0,0
Tnfaip8l3,Unknown,Unknown,0.0,0.0,0.0,0.0,0,0
Tnfrsf10b,Euchromatin,Euchromatin,0.136009,0.0,0.127096,0.0,0,0
Tnfrsf1a,Euchromatin,Euchromatin,0.236473,0.0,0.158203,0.0,0,0
Tnfrsf25,Euchromatin,Euchromatin,0.318887,0.0,0.166116,0.0,0,0
Tnfsf11,Unknown,Unknown,0.0,0.0,0.0,0.0,0,0
Tnpo3,Euchromatin,Unknown,0.113514,0.0,0.0,0.0,0,0
Tns1,Euchromatin,Unknown,0.202868,0.0,0.0,0.0,0,0
Tomm22,Euchromatin,Euchromatin,0.17525,0.0,0.103059,0.0,0,0
Top1,Euchromatin,Unknown,0.125134,0.0,0.0,0.0,0,0
Tor2a,Euchromatin,Euchromatin,0.294841,0.0,0.139911,0.0,0,0
Tpbgl,Euchromatin,Unknown,0.165631,0.0,0.0,0.0,0,0
Tpst1,Euchromatin,Euchromatin,0.111475,0.0,0.105573,0.0,0,0
Tpst2,Euchromatin,Euchromatin,0.206278,0.0,0.141451,0.0,0,0
Traf6,Unknown,Unknown,0.0,0.0,0.0,0.0,0,0
Tram1l1,Heterochromatin,Heterochromatin,0.0,-0.139911,0.0,-0.127888,0,0
Trim2,Euchromatin,Unknown,0.130376,0.0,0.0,0.0,0,0
Trim7,Euchromatin,Unknown,0.117897,0.0,0.0,0.0,0,0
Trmt1,Euchromatin,Unknown,0.209824,0.0,0.0,0.0,0,0
Trmt11,Unknown,Unknown,0.0,0.0,0.0,0.0,0,0
Tro,Unknown,Unknown,0.0,0.0,0.0,0.0,0,0
Tsga10,Unknown,Unknown,0.0,0.0,0.0,0.0,0,0
Tspan6,Unknown,Unknown,0.0,0.0,0.0,0.0,0,0
Ttbk1,Euchromatin,Euchromatin,0.255527,0.0,0.178447,0.0,0,0
Ttc28,Unknown,Unknown,0.0,0.0,0.0,0.0,0,0
Ttc4,Euchromatin,Unknown,0.133131,0.0,0.0,0.0,0,0
Ttc6,Unknown,Unknown,0.0,0.0,0.0,0.0,0,0
Ttc9,Unknown,Unknown,0.0,0.0,0.0,0.0,0,0
Tuba3a,Unknown,Euchromatin,0.0,0.0,0.114711,0.0,0,0
Tubb2b,Unknown,Unknown,0.0,0.0,0.0,0.0,0,0
Twf1,Unknown,Unknown,0.0,0.0,0.0,0.0,0,0
Twist2,Euchromatin,Unknown,0.19709673,0.0,0.0,0.0,0,0
Txlng,Unknown,Unknown,0.0,0.0,0.0,0.0,0,0
Txndc11,Euchromatin,Euchromatin,0.153572,0.0,0.391021,0.0,0,0
Uba3,Unknown,Unknown,0.0,0.0,0.0,0.0,0,0
Ube2d1,Unknown,Unknown,0.0,0.0,0.0,0.0,0,0
Ube2t,Unknown,Unknown,0.0,0.0,0.0,0.0,0,0
Uimc1,Euchromatin,Unknown,0.107942,0.0,0.0,0.0,0,0
Unc5a,Euchromatin,Unknown,0.25247,0.0,0.0,0.0,0,0
Uqcrc1,Euchromatin,Unknown,0.142803,0.0,0.0,0.0,0,0
Uros,Euchromatin,Euchromatin,0.120765,0.0,0.110283,0.0,0,0
Usp10,Euchromatin,Unknown,0.186646,0.0,0.0,0.0,0,0
Usp2,Euchromatin,Unknown,0.206301,0.0,0.0,0.0,0,0
Usp24,Unknown,Unknown,0.0,0.0,0.0,0.0,0,0
Usp36,Euchromatin,Euchromatin,0.206812,0.0,0.125124,0.0,0,0
Usp8,Unknown,Unknown,0.0,0.0,0.0,0.0,0,0
Vax2,Euchromatin,Euchromatin,0.192059,0.0,0.101852,0.0,0,0
Vcpip1,Unknown,Unknown,0.0,0.0,0.0,0.0,0,0
Vdr,Euchromatin,Unknown,0.189992,0.0,0.0,0.0,0,0
Vgf,Euchromatin,Euchromatin,0.217944,0.0,0.137151,0.0,0,0
Vipr1,Euchromatin,Unknown,0.222648,0.0,0.0,0.0,0,0
Vps13b,Unknown,Unknown,0.0,0.0,0.0,0.0,0,0
Vps18,Euchromatin,Euchromatin,0.148745,0.0,0.112632,0.0,0,0
Vps37d,Euchromatin,Euchromatin,0.199969,0.0,0.142815,0.0,0,0
Vps4b,Unknown,Heterochromatin,0.0,0.0,0.0,-0.10855099999999998,0,0
Vrk1,Euchromatin,Unknown,0.104077,0.0,0.0,0.0,0,0
Vsnl1,Unknown,Heterochromatin,0.0,0.0,0.0,-0.11658699999999998,0,0
Vwa3b,Unknown,Unknown,0.0,0.0,0.0,0.0,0,0
Wdr31,Unknown,Euchromatin,0.0,0.0,0.107878,0.0,0,0
Wdr33,Unknown,Unknown,0.0,0.0,0.0,0.0,0,0
Wdr44,Unknown,Unknown,0.0,0.0,0.0,0.0,0,0
Wdr47,Unknown,Unknown,0.0,0.0,0.0,0.0,0,0
Wdr83,Euchromatin,Euchromatin,0.173988,0.0,0.112204,0.0,0,0
Wdr89,Unknown,Unknown,0.0,0.0,0.0,0.0,0,0
Wnt2b,Euchromatin,Unknown,0.12882,0.0,0.0,0.0,0,0
Xk,Unknown,Unknown,0.0,0.0,0.0,0.0,0,0
Xrcc1,Euchromatin,Euchromatin,0.248062,0.0,0.13026,0.0,0,0
Yjefn3,Euchromatin,Euchromatin,0.185497,0.0,0.113524,0.0,0,0
Ythdf3,Heterochromatin,Unknown,0.0,-0.137317,0.0,0.0,0,0
Zbed4,Euchromatin,Euchromatin,0.119046,0.0,0.138786,0.0,0,0
Zbtb17,Euchromatin,Euchromatin,0.254934,0.0,0.136976,0.0,0,0
Zbtb7c,Euchromatin,Unknown,0.119398,0.0,0.0,0.0,0,0
Zcchc8,Unknown,Unknown,0.0,0.0,0.0,0.0,0,0
Zdhhc1,Euchromatin,Unknown,0.14123500000000003,0.0,0.0,0.0,0,0
Zfp219,Euchromatin,Unknown,0.166318,0.0,0.0,0.0,0,0
Zfp428,Euchromatin,Euchromatin,0.248062,0.0,0.13026,0.0,0,0
Zfp593,Euchromatin,Euchromatin,0.269128,0.0,0.141862,0.0,0,0
Zfp606,Unknown,Unknown,0.0,0.0,0.0,0.0,0,0
Zfp658,Unknown,Unknown,0.0,0.0,0.0,0.0,0,0
Zfp786,Unknown,Unknown,0.0,0.0,0.0,0.0,0,0
Zfp853,Euchromatin,Euchromatin,0.266203,0.0,0.176677,0.0,0,0
Zfp866,Euchromatin,Euchromatin,0.109086,0.0,0.13229,0.0,0,0
Zftraf1,Unknown,Unknown,0.0,0.0,0.0,0.0,0,0
Zglp1,Euchromatin,Euchromatin,0.17817,0.0,0.17353,0.0,0,0
Zmat4,Euchromatin,Unknown,0.10417,0.0,0.0,0.0,0,0
Zmym1,Unknown,Unknown,0.0,0.0,0.0,0.0,0,0
Zmynd15,Unknown,Unknown,0.0,0.0,0.0,0.0,0,0
Zmynd19,Euchromatin,Euchromatin,0.133758,0.0,0.157969,0.0,0,0
Zscan10,Euchromatin,Euchromatin,0.18953219999999998,0.0,0.139390456,0.0,0,0
Zxdc,Unknown,Unknown,0.0,0.0,0.0,0.0,0,0
