Gene,GFP_state,M2_state,GFP_eu_signal,GFP_hetero_signal,M2_eu_signal,M2_hetero_signal,GFP_eu_hetero_ratio,M2_eu_hetero_ratio
AI854703,Euchromatin,Euchromatin,0.199193,0.0,0.156645,0.0,0,0
AW822252,Unknown,Unknown,0.0,0.0,0.0,0.0,0,0
Aacs,Euchromatin,Euchromatin,0.240146,0.0,0.154665,0.0,0,0
Abcc10,Euchromatin,Euchromatin,0.274985,0.0,0.169084,0.0,0,0
Abcd4,Euchromatin,Euchromatin,0.162766,0.0,0.10195,0.0,0,0
Abtb3,Unknown,Unknown,0.0,0.0,0.0,0.0,0,0
Acadm,Unknown,Unknown,0.0,0.0,0.0,0.0,0,0
Actl6b,Euchromatin,Euchromatin,0.20065099999999997,0.0,0.13037,0.0,0,0
Actl7b,Euchromatin,Unknown,0.114777,0.0,0.0,0.0,0,0
Adamts15,Unknown,Euchromatin,0.0,0.0,0.109518,0.0,0,0
Adamts19,Unknown,Unknown,0.0,0.0,0.0,0.0,0,0
Adamtsl1,Unknown,Unknown,0.0,0.0,0.0,0.0,0,0
Adap1,Euchromatin,Euchromatin,0.221414,0.0,0.206527,0.0,0,0
Adra2c,Euchromatin,Euchromatin,0.240787,0.0,0.15064,0.0,0,0
Agap3,Euchromatin,Euchromatin,0.266412,0.0,0.160307,0.0,0,0
Agtrap,Euchromatin,Euchromatin,0.261846,0.0,0.21705,0.0,0,0
Ahrr,Unknown,Unknown,0.0,0.0,0.0,0.0,0,0
Aifm1,Unknown,Unknown,0.0,0.0,0.0,0.0,0,0
Ak2,Euchromatin,Euchromatin,0.167467,0.0,0.114947,0.0,0,0
Ak4,Unknown,Unknown,0.0,0.0,0.0,0.0,0,0
Akap8l,Euchromatin,Euchromatin,0.131877,0.0,0.171331,0.0,0,0
Akirin1,Euchromatin,Unknown,0.11954600000000001,0.0,0.0,0.0,0,0
Aktip,Heterochromatin,Unknown,0.12698,-0.105982,0.0,0.0,0,0
Aldh4a1,Euchromatin,Euchromatin,0.274858,0.0,0.224699,0.0,0,0
Alg1,Euchromatin,Euchromatin,0.179625,0.0,0.132294,0.0,0,0
Amd2,Heterochromatin,Heterochromatin,0.0,-0.108065,0.0,-0.10743,0,0
Amn,Euchromatin,Euchromatin,0.255564,0.0,0.159296,0.0,0,0
Ankrd26,Unknown,Unknown,0.0,0.0,0.0,0.0,0,0
Ankrd35,Euchromatin,Euchromatin,0.147116,0.0,0.177552,0.0,0,0
Ano1,Euchromatin,Euchromatin,0.253616,0.0,0.18654,0.0,0,0
Ano10,Unknown,Unknown,0.0,0.0,0.0,0.0,0,0
Ap1s2,Unknown,Unknown,0.0,0.0,0.0,0.0,0,0
Ap1s3,Unknown,Unknown,0.0,0.0,0.0,0.0,0,0
Ap3d1,Euchromatin,Euchromatin,0.246689,0.0,0.215035,0.0,0,0
Aqp5,Euchromatin,Euchromatin,0.243561,0.0,0.181316,0.0,0,0
Arfgef1,Unknown,Unknown,0.0,0.0,0.0,0.0,0,0
Arhgap22,Euchromatin,Unknown,0.10532,0.0,0.0,0.0,0,0
Arhgef28,Unknown,Unknown,0.0,0.0,0.0,0.0,0,0
Ark2n,Unknown,Unknown,0.0,0.0,0.0,0.0,0,0
Armc2,Unknown,Euchromatin,0.0,0.0,0.102977,0.0,0,0
Arrb1,Euchromatin,Euchromatin,0.117812,0.0,0.108074,0.0,0,0
Art3,Unknown,Unknown,0.0,0.0,0.0,0.0,0,0
Ascl4,Unknown,Unknown,0.0,0.0,0.0,0.0,0,0
Ascl5,Euchromatin,Euchromatin,0.13674944,0.0,0.119264266,0.0,0,0
Atcayos,Euchromatin,Euchromatin,0.285742,0.0,0.209895,0.0,0,0
Ate1,Unknown,Unknown,0.0,0.0,0.0,0.0,0,0
Atf6b,Euchromatin,Euchromatin,0.237928,0.0,0.165301,0.0,0,0
Atp11b,Unknown,Unknown,0.0,0.0,0.0,0.0,0,0
Atp2a3,Euchromatin,Euchromatin,0.236245,0.0,0.143373,0.0,0,0
Atp5f1e,Unknown,Unknown,0.0,0.0,0.0,0.0,0,0
Atp5mc1,Unknown,Unknown,0.0,0.0,0.0,0.0,0,0
Atp6v1c2,Euchromatin,Unknown,0.123761,0.0,0.0,0.0,0,0
Atr,Heterochromatin,Heterochromatin,0.0,-0.122057,0.0,-0.105631,0,0
Atxn1l,Euchromatin,Unknown,0.144862,0.0,0.0,0.0,0,0
Auh,Euchromatin,Unknown,0.113153,0.0,0.0,0.0,0,0
Aup1,Euchromatin,Euchromatin,0.256866,0.0,0.19124,0.0,0,0
B3gnt8,Euchromatin,Euchromatin,0.22529,0.0,0.187311,0.0,0,0
B4galnt4,Euchromatin,Euchromatin,0.2126,0.0,0.192368,0.0,0,0
BC034090,Euchromatin,Euchromatin,0.243372,0.0,0.169087,0.0,0,0
Baiap2l2,Euchromatin,Euchromatin,0.278116,0.0,0.218179,0.0,0,0
Baiap3,Euchromatin,Unknown,0.218023,0.0,0.0,0.0,0,0
Barhl1,Euchromatin,Euchromatin,0.219411,0.0,0.141986,0.0,0,0
Baz2a,Unknown,Unknown,0.0,0.0,0.0,0.0,0,0
Bcan,Euchromatin,Euchromatin,0.180768,0.0,0.135451,0.0,0,0
Bcdin3d,Euchromatin,Euchromatin,0.160377,0.0,0.121748,0.0,0,0
Bcl11b,Euchromatin,Euchromatin,0.170135,0.0,0.109231,0.0,0,0
Bcor,Unknown,Unknown,0.0,0.0,0.0,0.0,0,0
Bcorl1,Euchromatin,Unknown,0.123068,0.0,0.0,0.0,0,0
Bdnf,Unknown,Unknown,0.0,0.0,0.0,0.0,0,0
Bhlhb9,Unknown,Unknown,0.0,0.0,0.0,0.0,0,0
Blm,Unknown,Unknown,0.0,0.0,0.0,0.0,0,0
Bmal2,Unknown,Unknown,0.0,0.0,0.0,0.0,0,0
Bmp3,Unknown,Unknown,0.0,0.0,0.0,0.0,0,0
Boc,Unknown,Unknown,0.0,0.0,0.0,0.0,0,0
Bod1l,Unknown,Unknown,0.0,0.0,0.0,0.0,0,0
Brinp1,Unknown,Unknown,0.0,0.0,0.0,0.0,0,0
Brinp2,Unknown,Unknown,0.0,0.0,0.0,0.0,0,0
Brpf3,Euchromatin,Euchromatin,0.20477666,0.0,0.160417715,0.0,0,0
Brsk2,Unknown,Unknown,0.0,0.0,0.0,0.0,0,0
Bsg,Euchromatin,Euchromatin,0.292945,0.0,0.164268,0.0,0,0
Btbd18,Unknown,Unknown,0.0,0.0,0.0,0.0,0,0
Btbd2,Euchromatin,Euchromatin,0.277073,0.0,0.197151,0.0,0,0
Bub1b,Euchromatin,Unknown,0.123255,0.0,0.0,0.0,0,0
C1ql4,Euchromatin,Euchromatin,0.250119,0.0,0.197001,0.0,0,0
Cabin1,Euchromatin,Unknown,0.14828,0.0,0.0,0.0,0,0
Cacna1a,Euchromatin,Unknown,0.119131,0.0,0.0,0.0,0,0
Cacna1f,Unknown,Unknown,0.0,0.0,0.0,0.0,0,0
Cactin,Euchromatin,Euchromatin,0.35209,0.0,0.263994,0.0,0,0
Camk2b,Euchromatin,Unknown,0.165372,0.0,0.0,0.0,0,0
Camkv,Euchromatin,Euchromatin,0.247551,0.0,0.199463,0.0,0,0
Capn2,Euchromatin,Unknown,0.114736,0.0,0.0,0.0,0,0
Car7,Unknown,Unknown,0.0,0.0,0.0,0.0,0,0
Carns1,Euchromatin,Euchromatin,0.327323,0.0,0.175884,0.0,0,0
Cask,Unknown,Unknown,0.0,0.0,0.0,0.0,0,0
Casz1,Euchromatin,Euchromatin,0.197028,0.0,0.126343,0.0,0,0
Catspere2,Unknown,Unknown,0.0,0.0,0.0,0.0,0,0
Cbl,Unknown,Unknown,0.0,0.0,0.0,0.0,0,0
Cbln4,Euchromatin,Unknown,0.113358,0.0,0.0,0.0,0,0
Cbx1,Euchromatin,Euchromatin,0.157985,0.0,0.109732,0.0,0,0
Cbx2,Euchromatin,Euchromatin,0.251678,0.0,0.195866,0.0,0,0
Ccar1,Unknown,Unknown,0.0,0.0,0.0,0.0,0,0
Ccdc125,Euchromatin,Unknown,0.142489,0.0,0.0,0.0,0,0
Ccdc174,Unknown,Unknown,0.0,0.0,0.0,0.0,0,0
Ccdc184,Unknown,Unknown,0.0,0.0,0.0,0.0,0,0
Ccdc186,Unknown,Unknown,0.0,0.0,0.0,0.0,0,0
Ccdc57,Euchromatin,Euchromatin,0.187797,0.0,0.102044,0.0,0,0
Cdc42bpg,Euchromatin,Euchromatin,0.317511,0.0,0.242194,0.0,0,0
Cdh13,Unknown,Euchromatin,0.0,0.0,0.134883,0.0,0,0
Cdh20,Heterochromatin,Unknown,0.0,-0.142447,0.0,0.0,0,0
Cdh22,Euchromatin,Euchromatin,0.263248,0.0,0.184847,0.0,0,0
Cdh23,Euchromatin,Euchromatin,0.186857,0.0,0.179524,0.0,0,0
Cdkn1a,Euchromatin,Euchromatin,0.224435,0.0,0.150143,0.0,0,0
Cdkn3,Unknown,Unknown,0.0,0.0,0.0,0.0,0,0
Cdpf1,Euchromatin,Euchromatin,0.235937,0.0,0.100965,0.0,0,0
Celsr3,Euchromatin,Euchromatin,0.209464,0.0,0.18669299999999997,0.0,0,0
Cenpj,Unknown,Unknown,0.0,0.0,0.0,0.0,0,0
Cenpu,Unknown,Unknown,0.0,0.0,0.0,0.0,0,0
Cert1,Unknown,Unknown,0.0,0.0,0.0,0.0,0,0
Chac1,Euchromatin,Euchromatin,0.1708996605,0.0,0.1308190925,0.0,0,0
Chd3,Euchromatin,Euchromatin,0.193237,0.0,0.12505,0.0,0,0
Chek1,Unknown,Unknown,0.0,0.0,0.0,0.0,0,0
Chrna4,Euchromatin,Euchromatin,0.23375,0.0,0.122181,0.0,0,0
Ciao3,Euchromatin,Euchromatin,0.244039,0.0,0.1542,0.0,0,0
Cilp2,Euchromatin,Euchromatin,0.307563,0.0,0.198562,0.0,0,0
Clasrp,Euchromatin,Euchromatin,0.232389,0.0,0.190267,0.0,0,0
Clcn5,Unknown,Unknown,0.0,0.0,0.0,0.0,0,0
Cldn3,Euchromatin,Euchromatin,0.182995,0.0,0.15835,0.0,0,0
Clmp,Euchromatin,Euchromatin,0.127275,0.0,0.132493,0.0,0,0
Cnpy1,Unknown,Unknown,0.0,0.0,0.0,0.0,0,0
Coa4,Euchromatin,Unknown,0.100197,0.0,0.0,0.0,0,0
Coa8,Unknown,Unknown,0.0,0.0,0.0,0.0,0,0
Cobl,Unknown,Unknown,0.0,0.0,0.0,0.0,0,0
Cog6,Unknown,Unknown,0.0,0.0,0.0,0.0,0,0
Cops7b,Unknown,Unknown,0.0,0.0,0.0,0.0,0,0
Coq10a,Euchromatin,Euchromatin,0.225431,0.0,0.133724,0.0,0,0
Cox6a1,Euchromatin,Euchromatin,0.174401621,0.0,0.128566115,0.0,0,0
Cox6b1,Euchromatin,Euchromatin,0.178884,0.0,0.142487,0.0,0,0
Cpeb3,Unknown,Unknown,0.0,0.0,0.0,0.0,0,0
Crabp1,Euchromatin,Euchromatin,0.12705,0.0,0.135965,0.0,0,0
Creb3l1,Euchromatin,Euchromatin,0.187549,0.0,0.124247,0.0,0,0
Creld1,Euchromatin,Euchromatin,0.227381,0.0,0.178991,0.0,0,0
Ctif,Euchromatin,Euchromatin,0.293401,0.0,0.203282,0.0,0,0
Ctxnd1,Unknown,Unknown,0.0,0.0,0.0,0.0,0,0
Cul5,Unknown,Unknown,0.0,0.0,0.0,0.0,0,0
Cyld,Euchromatin,Euchromatin,0.15261,0.0,0.110929,0.0,0,0
Cyp26c1,Unknown,Unknown,0.0,0.0,0.0,0.0,0,0
D030028A08Rik,Euchromatin,Euchromatin,0.220666,0.0,0.112703,0.0,0,0
Dab2ip,Euchromatin,Euchromatin,0.256735,0.0,0.187577,0.0,0,0
Dapk2,Euchromatin,Unknown,0.159912,0.0,0.0,0.0,0,0
Dbil5,Unknown,Euchromatin,0.0,0.0,0.112293,0.0,0,0
Dcaf8,Unknown,Unknown,0.0,0.0,0.0,0.0,0,0
Dda1,Euchromatin,Euchromatin,0.288215,0.0,0.194036,0.0,0,0
Ddb1,Euchromatin,Unknown,0.162601,0.0,0.0,0.0,0,0
Ddx24,Unknown,Unknown,0.0,0.0,0.0,0.0,0,0
Ddx52,Unknown,Euchromatin,0.0,0.0,0.11782,0.0,0,0
Desi2,Unknown,Unknown,0.0,0.0,0.0,0.0,0,0
Dgkh,Unknown,Unknown,0.0,0.0,0.0,0.0,0,0
Dhx9,Unknown,Unknown,0.0,0.0,0.0,0.0,0,0
Dkc1,Unknown,Unknown,0.0,0.0,0.0,0.0,0,0
Dkk2,Heterochromatin,Unknown,0.0,-0.11054,0.0,0.0,0,0
Dlg1,Unknown,Unknown,0.0,0.0,0.0,0.0,0,0
Dlgap2,Unknown,Unknown,0.0,0.0,0.0,0.0,0,0
Dlx2,Euchromatin,Euchromatin,0.126638,0.0,0.120619,0.0,0,0
Dlx3,Euchromatin,Euchromatin,0.270109,0.0,0.137623,0.0,0,0
Dmrtb1,Euchromatin,Unknown,0.143581,0.0,0.0,0.0,0,0
Dna2,Euchromatin,Euchromatin,0.111884,0.0,0.131429,0.0,0,0
Dnah10,Euchromatin,Euchromatin,0.197261,0.0,0.147783,0.0,0,0
Dnai1,Unknown,Unknown,0.0,0.0,0.0,0.0,0,0
Dnajc22,Euchromatin,Euchromatin,0.250119,0.0,0.197001,0.0,0,0
Dnajc5,Unknown,Unknown,0.0,0.0,0.0,0.0,0,0
Dnm3,Unknown,Unknown,0.0,0.0,0.0,0.0,0,0
Dpf1,Euchromatin,Euchromatin,0.245479,0.0,0.177031,0.0,0,0
Dpp4,Unknown,Unknown,0.0,0.0,0.0,0.0,0,0
Dpy19l1,Unknown,Unknown,0.0,0.0,0.0,0.0,0,0
Drd2,Unknown,Unknown,0.0,0.0,0.0,0.0,0,0
Dusp14,Unknown,Euchromatin,0.0,0.0,0.131371,0.0,0,0
Dusp28,Euchromatin,Euchromatin,0.196127,0.0,0.144859,0.0,0,0
Dynlt2b,Unknown,Unknown,0.0,0.0,0.0,0.0,0,0
E2f4,Euchromatin,Euchromatin,0.264723,0.0,0.209471,0.0,0,0
Edc4,Euchromatin,Euchromatin,0.197129,0.0,0.161126,0.0,0,0
Eef1akmt4,Euchromatin,Euchromatin,0.171732,0.0,0.150838,0.0,0,0
Egr4,Euchromatin,Euchromatin,0.112471,0.0,0.160283,0.0,0,0
Ehd3,Unknown,Unknown,0.0,0.0,0.0,0.0,0,0
Eid2,Euchromatin,Euchromatin,0.180098,0.0,0.120026,0.0,0,0
Eif2ak3,Unknown,Unknown,0.0,0.0,0.0,0.0,0,0
Eif4b,Euchromatin,Euchromatin,0.14282,0.0,0.104127,0.0,0,0
Elavl4,Unknown,Unknown,0.0,0.0,0.0,0.0,0,0
Elf4,Unknown,Unknown,0.0,0.0,0.0,0.0,0,0
Emc10,Euchromatin,Euchromatin,0.213517,0.0,0.17826,0.0,0,0
Emsy,Unknown,Unknown,0.0,0.0,0.0,0.0,0,0
Eno2,Euchromatin,Euchromatin,0.142729,0.0,0.10634200000000002,0.0,0,0
Eno4,Euchromatin,Unknown,0.119823,0.0,0.0,0.0,0,0
Epb41l1,Euchromatin,Euchromatin,0.181395,0.0,0.152626,0.0,0,0
Epha10,Euchromatin,Euchromatin,0.273248,0.0,0.153145,0.0,0,0
Epha7,Heterochromatin,Heterochromatin,0.0,-0.149242,0.0,-0.172902,0,0
Ephb3,Euchromatin,Euchromatin,0.213451,0.0,0.167297,0.0,0,0
Epn1,Euchromatin,Euchromatin,0.211194,0.0,0.11385900000000002,0.0,0,0
Epop,Euchromatin,Euchromatin,0.200435,0.0,0.187336,0.0,0,0
Ercc2,Euchromatin,Euchromatin,0.348277,0.0,0.221446,0.0,0,0
Ergic2,Unknown,Unknown,0.0,0.0,0.0,0.0,0,0
Ero1b,Unknown,Unknown,0.0,0.0,0.0,0.0,0,0
Esco2,Unknown,Unknown,0.0,0.0,0.0,0.0,0,0
Espl1,Euchromatin,Euchromatin,0.203723,0.0,0.152688,0.0,0,0
Esrrb,Euchromatin,Euchromatin,0.192878,0.0,0.152761,0.0,0,0
Esyt3,Euchromatin,Euchromatin,0.145361,0.0,0.102855,0.0,0,0
Etl4,Unknown,Unknown,0.0,0.0,0.0,0.0,0,0
Eva1b,Euchromatin,Euchromatin,0.271161,0.0,0.196787,0.0,0,0
Eva1c,Euchromatin,Unknown,0.137938,0.0,0.0,0.0,0,0
Exo1,Unknown,Unknown,0.0,0.0,0.0,0.0,0,0
Exoc6b,Unknown,Unknown,0.0,0.0,0.0,0.0,0,0
Exosc2,Euchromatin,Unknown,0.16572,0.0,0.0,0.0,0,0
Eya3,Euchromatin,Euchromatin,0.128002,0.0,0.106261,0.0,0,0
Faah,Euchromatin,Unknown,0.119093,0.0,0.0,0.0,0,0
Fam124a,Unknown,Unknown,0.0,0.0,0.0,0.0,0,0
Fam78a,Euchromatin,Euchromatin,0.26772,0.0,0.192286,0.0,0,0
Fam81a,Euchromatin,Unknown,0.100031,0.0,0.0,0.0,0,0
Fam98a,Unknown,Unknown,0.0,0.0,0.0,0.0,0,0
Fanca,Euchromatin,Euchromatin,0.17022699999999996,0.0,0.117655,0.0,0,0
Fancf,Heterochromatin,Unknown,0.0,-0.114128,0.0,0.0,0,0
Fastk,Euchromatin,Euchromatin,0.282632,0.0,0.193958,0.0,0,0
Fbln2,Euchromatin,Euchromatin,0.239603,0.0,0.174245,0.0,0,0
Fbn2,Unknown,Unknown,0.0,0.0,0.0,0.0,0,0
Fbxl20,Unknown,Unknown,0.0,0.0,0.0,0.0,0,0
Fbxl22,Unknown,Unknown,0.0,0.0,0.0,0.0,0,0
Fbxo38,Unknown,Unknown,0.0,0.0,0.0,0.0,0,0
Fbxo39,Euchromatin,Unknown,0.136722,0.0,0.0,0.0,0,0
Fcho1,Euchromatin,Euchromatin,0.245841,0.0,0.197476,0.0,0,0
Fdps,Euchromatin,Euchromatin,0.191107,0.0,0.14819,0.0,0,0
Fev,Euchromatin,Euchromatin,0.225408,0.0,0.135988,0.0,0,0
Fgf9,Unknown,Unknown,0.0,0.0,0.0,0.0,0,0
Fhip2b,Unknown,Unknown,0.0,0.0,0.0,0.0,0,0
Fignl2,Euchromatin,Euchromatin,0.274643,0.0,0.193879,0.0,0,0
Fkbp5,Euchromatin,Euchromatin,0.257156,0.0,0.137793,0.0,0,0
Flywch1,Euchromatin,Euchromatin,0.202111,0.0,0.111924,0.0,0,0
Fn3krp,Euchromatin,Unknown,0.110419,0.0,0.0,0.0,0,0
Fnbp1,Euchromatin,Euchromatin,0.175731,0.0,0.131578,0.0,0,0
Frrs1l,Unknown,Unknown,0.0,0.0,0.0,0.0,0,0
Fubp3,Euchromatin,Euchromatin,0.161625,0.0,0.125207,0.0,0,0
Fzd3,Unknown,Unknown,0.0,0.0,0.0,0.0,0,0
Fzd9,Euchromatin,Euchromatin,0.257994,0.0,0.156954,0.0,0,0
G6pdx,Unknown,Unknown,0.0,0.0,0.0,0.0,0,0
Gabra5,Unknown,Unknown,0.0,0.0,0.0,0.0,0,0
Galr2,Euchromatin,Euchromatin,0.231243,0.0,0.192291,0.0,0,0
Gas6,Euchromatin,Euchromatin,0.183231,0.0,0.119292,0.0,0,0
Gdap1,Unknown,Unknown,0.0,0.0,0.0,0.0,0,0
Gdf7,Euchromatin,Euchromatin,0.273918,0.0,0.191189,0.0,0,0
Gemin8,Unknown,Unknown,0.0,0.0,0.0,0.0,0,0
Ggct,Unknown,Unknown,0.0,0.0,0.0,0.0,0,0
Gins3,Unknown,Unknown,0.0,0.0,0.0,0.0,0,0
Gins4,Unknown,Unknown,0.0,0.0,0.0,0.0,0,0
Git2,Euchromatin,Euchromatin,0.201165,0.0,0.177226,0.0,0,0
Gjb2,Euchromatin,Unknown,0.126399,0.0,0.0,0.0,0,0
Gjb6,Euchromatin,Unknown,0.126399,0.0,0.0,0.0,0,0
Gle1,Euchromatin,Euchromatin,0.15795,0.0,0.146919,0.0,0,0
Glis1,Euchromatin,Unknown,0.149197,0.0,0.0,0.0,0,0
Gna12,Euchromatin,Euchromatin,0.104546,0.0,0.106458,0.0,0,0
Gnb4,Euchromatin,Unknown,0.126054,0.0,0.0,0.0,0,0
Gnmt,Euchromatin,Euchromatin,0.218242,0.0,0.18669299999999997,0.0,0,0
Golga5,Unknown,Unknown,0.0,0.0,0.0,0.0,0,0
Gorasp2,Unknown,Unknown,0.0,0.0,0.0,0.0,0,0
Got2,Unknown,Unknown,0.0,0.0,0.0,0.0,0,0
Gpatch2l,Euchromatin,Unknown,0.123782,0.0,0.0,0.0,0,0
Gpbp1,Unknown,Unknown,0.0,0.0,0.0,0.0,0,0
Gpr101,Unknown,Unknown,0.0,0.0,0.0,0.0,0,0
Gpr153,Euchromatin,Euchromatin,0.34778,0.0,0.221827,0.0,0,0
Gpx3,Euchromatin,Euchromatin,0.239603,0.0,0.178001,0.0,0,0
Grb10,Unknown,Unknown,0.0,0.0,0.0,0.0,0,0
Grem1,Unknown,Unknown,0.0,0.0,0.0,0.0,0,0
Grid2ip,Euchromatin,Euchromatin,0.281761,0.0,0.19965,0.0,0,0
Grin1os,Euchromatin,Euchromatin,0.285688,0.0,0.194191,0.0,0,0
Grin2a,Unknown,Unknown,0.0,0.0,0.0,0.0,0,0
Grin2c,Euchromatin,Euchromatin,0.279231,0.0,0.201195,0.0,0,0
Grk2,Unknown,Unknown,0.0,0.0,0.0,0.0,0,0
Grm2,Euchromatin,Unknown,0.18836000000000003,0.0,0.0,0.0,0,0
Grm6,Unknown,Unknown,0.0,0.0,0.0,0.0,0,0
Grp,Unknown,Unknown,0.0,0.0,0.0,0.0,0,0
Grwd1,Euchromatin,Euchromatin,0.259562,0.0,0.162317,0.0,0,0
Gsn,Euchromatin,Euchromatin,0.220907,0.0,0.172171,0.0,0,0
Gstt2,Euchromatin,Euchromatin,0.14665,0.0,0.112648,0.0,0,0
Gsx2,Euchromatin,Unknown,0.10636100000000001,0.0,0.0,0.0,0,0
Gtf3a,Euchromatin,Euchromatin,0.143486,0.0,0.11583,0.0,0,0
Guf1,Heterochromatin,Unknown,0.0,-0.125275,0.0,0.0,0,0
H2ac11,Unknown,Unknown,0.0,0.0,0.0,0.0,0,0
H4c9,Unknown,Unknown,0.0,0.0,0.0,0.0,0,0
Haus3,Unknown,Euchromatin,0.0,0.0,0.118676,0.0,0,0
Helt,Unknown,Unknown,0.0,0.0,0.0,0.0,0,0
Hinfp,Euchromatin,Euchromatin,0.18691,0.0,0.152845,0.0,0,0
Hlcs,Euchromatin,Unknown,0.154255,0.0,0.0,0.0,0,0
Hlf,Euchromatin,Euchromatin,0.11536699999999998,0.0,0.107441,0.0,0,0
Hmgcll1,Unknown,Unknown,0.0,0.0,0.0,0.0,0,0
Hnrnpf,Unknown,Unknown,0.0,0.0,0.0,0.0,0,0
Hrob,Euchromatin,Euchromatin,0.270922,0.0,0.174646,0.0,0,0
Hsbp1,Euchromatin,Euchromatin,0.216507,0.0,0.104661,0.0,0,0
Hsd17b1,Euchromatin,Euchromatin,0.251387,0.0,0.192789,0.0,0,0
Htra1,Euchromatin,Unknown,0.130839,0.0,0.0,0.0,0,0
Huwe1,Heterochromatin,Unknown,0.0,-0.10573,0.0,0.0,0,0
Ica1l,Unknown,Unknown,0.0,0.0,0.0,0.0,0,0
Idh3b,Unknown,Unknown,0.0,0.0,0.0,0.0,0,0
Igf2bp3,Unknown,Unknown,0.0,0.0,0.0,0.0,0,0
Igsf9,Euchromatin,Euchromatin,0.119055,0.0,0.126488,0.0,0,0
Il7,Unknown,Unknown,0.0,0.0,0.0,0.0,0,0
Ilf2,Euchromatin,Euchromatin,0.119219,0.0,0.10468,0.0,0,0
Inava,Euchromatin,Euchromatin,0.191436,0.0,0.142888,0.0,0,0
Ints3,Unknown,Unknown,0.0,0.0,0.0,0.0,0,0
Ip6k2,Unknown,Unknown,0.0,0.0,0.0,0.0,0,0
Ipo11,Unknown,Unknown,0.0,0.0,0.0,0.0,0,0
Iqgap3,Euchromatin,Euchromatin,0.153745,0.0,0.153848,0.0,0,0
Iqsec1,Unknown,Unknown,0.0,0.0,0.0,0.0,0,0
Ism2,Euchromatin,Euchromatin,0.157213,0.0,0.133682,0.0,0,0
Isoc2a,Euchromatin,Euchromatin,0.190827,0.0,0.141792,0.0,0,0
Itpr3,Euchromatin,Euchromatin,0.293568,0.0,0.251052,0.0,0,0
Jph3,Euchromatin,Euchromatin,0.264567,0.0,0.172794,0.0,0,0
Jpt1,Euchromatin,Euchromatin,0.102152,0.0,0.117238,0.0,0,0
Kansl1,Unknown,Unknown,0.0,0.0,0.0,0.0,0,0
Kcna2,Unknown,Unknown,0.0,0.0,0.0,0.0,0,0
Kcna7,Euchromatin,Euchromatin,0.244949,0.0,0.199324,0.0,0,0
Kcnc2,Heterochromatin,Unknown,0.0,-0.138115,0.0,0.0,0,0
Kcnh2,Euchromatin,Euchromatin,0.250781,0.0,0.214798,0.0,0,0
Kcnh7,Heterochromatin,Heterochromatin,0.0,-0.182062,0.0,-0.176428,0,0
Kcnip2,Euchromatin,Euchromatin,0.148167,0.0,0.137229,0.0,0,0
Kcnj11,Euchromatin,Euchromatin,0.259554,0.0,0.181784,0.0,0,0
Kcnj8,Unknown,Unknown,0.0,0.0,0.0,0.0,0,0
Kcnk12,Euchromatin,Unknown,0.163544,0.0,0.0,0.0,0,0
Kcnk2,Unknown,Unknown,0.0,0.0,0.0,0.0,0,0
Kctd13,Unknown,Unknown,0.0,0.0,0.0,0.0,0,0
Kctd8,Heterochromatin,Unknown,0.0,-0.173723,0.0,0.0,0,0
Kif14,Unknown,Unknown,0.0,0.0,0.0,0.0,0,0
Kif19a,Euchromatin,Euchromatin,0.27563,0.0,0.209227,0.0,0,0
Kif26a,Euchromatin,Euchromatin,0.331857,0.0,0.259684,0.0,0,0
Kif3a,Unknown,Unknown,0.0,0.0,0.0,0.0,0,0
Kif5a,Euchromatin,Euchromatin,0.210404,0.0,0.142003,0.0,0,0
Kifbp,Euchromatin,Unknown,0.151435,0.0,0.0,0.0,0,0
Kifc1,Euchromatin,Unknown,0.145044,0.0,0.0,0.0,0,0
Kifc5b,Euchromatin,Euchromatin,0.190493,0.0,0.160302,0.0,0,0
Klf1,Euchromatin,Euchromatin,0.223372876,0.0,0.142336284,0.0,0,0
Klhdc4,Euchromatin,Euchromatin,0.176488,0.0,0.110405,0.0,0,0
Klhdc8a,Euchromatin,Euchromatin,0.18278299999999997,0.0,0.168464,0.0,0,0
Klhl25,Euchromatin,Unknown,0.118927,0.0,0.0,0.0,0,0
Klhl40,Euchromatin,Euchromatin,0.327521,0.0,0.219955,0.0,0,0
Klhl42,Euchromatin,Unknown,0.12118,0.0,0.0,0.0,0,0
Krt87,Euchromatin,Euchromatin,0.150007,0.0,0.152006,0.0,0,0
Krtcap3,Euchromatin,Euchromatin,0.200846,0.0,0.205431,0.0,0,0
L3mbtl2,Euchromatin,Euchromatin,0.235405,0.0,0.188152,0.0,0,0
Lamc3,Euchromatin,Euchromatin,0.267343,0.0,0.192107,0.0,0,0
Large2,Euchromatin,Euchromatin,0.233664,0.0,0.169141,0.0,0,0
Larp4b,Unknown,Unknown,0.0,0.0,0.0,0.0,0,0
Lcorl,Unknown,Unknown,0.0,0.0,0.0,0.0,0,0
Lemd1,Euchromatin,Euchromatin,0.222855,0.0,0.122615,0.0,0,0
Lgals3,Unknown,Unknown,0.0,0.0,0.0,0.0,0,0
Lgr5,Unknown,Unknown,0.0,0.0,0.0,0.0,0,0
Lipt1,Unknown,Unknown,0.0,0.0,0.0,0.0,0,0
Llgl2,Euchromatin,Euchromatin,0.341283,0.0,0.194899,0.0,0,0
Lman2,Euchromatin,Euchromatin,0.26522,0.0,0.110722,0.0,0,0
Lrba,Unknown,Unknown,0.0,0.0,0.0,0.0,0,0
Lrfn1,Euchromatin,Euchromatin,0.20592341999999997,0.0,0.152744,0.0,0,0
Lrfn3,Euchromatin,Euchromatin,0.163032,0.0,0.102788,0.0,0,0
Lrp3,Euchromatin,Euchromatin,0.200366,0.0,0.124189,0.0,0,0
Lrrc26,Euchromatin,Euchromatin,0.285688,0.0,0.194191,0.0,0,0
Lrrc4b,Euchromatin,Euchromatin,0.244748,0.0,0.138249,0.0,0,0
Lrrc7,Unknown,Unknown,0.0,0.0,0.0,0.0,0,0
Lsamp,Heterochromatin,Heterochromatin,0.0,-0.113339,0.0,-0.101955,0,0
Lsm4,Euchromatin,Euchromatin,0.316792,0.0,0.245296,0.0,0,0
Lsm5,Unknown,Unknown,0.0,0.0,0.0,0.0,0,0
Ly6e,Euchromatin,Unknown,0.134507,0.0,0.0,0.0,0,0
Lyrm7,Euchromatin,Euchromatin,0.111873,0.0,0.112242,0.0,0,0
Maged1,Unknown,Unknown,0.0,0.0,0.0,0.0,0,0
Magee2,Unknown,Unknown,0.0,0.0,0.0,0.0,0,0
Mak16,Unknown,Unknown,0.0,0.0,0.0,0.0,0,0
Man2a2,Euchromatin,Euchromatin,0.264055,0.0,0.228638,0.0,0,0
Man2b2,Euchromatin,Euchromatin,0.202082,0.0,0.140785,0.0,0,0
Map3k1,Unknown,Unknown,0.0,0.0,0.0,0.0,0,0
Map3k21,Euchromatin,Euchromatin,0.135788,0.0,0.119219,0.0,0,0
Map3k6,Euchromatin,Euchromatin,0.295146,0.0,0.216631,0.0,0,0
Map4,Unknown,Unknown,0.0,0.0,0.0,0.0,0,0
Mapk11,Euchromatin,Euchromatin,0.32682300599999997,0.0,0.213038798,0.0,0,0
Mapk12,Euchromatin,Euchromatin,0.264447,0.0,0.169769,0.0,0,0
Mapk8ip2,Euchromatin,Euchromatin,0.199393,0.0,0.114277,0.0,0,0
Mark2,Euchromatin,Unknown,0.103191,0.0,0.0,0.0,0,0
Matk,Euchromatin,Euchromatin,0.360068,0.0,0.267131,0.0,0,0
Mbd1,Euchromatin,Unknown,0.13808,0.0,0.0,0.0,0,0
Mbd3,Euchromatin,Euchromatin,0.30508707500000004,0.0,0.2134972,0.0,0,0
Mcam,Euchromatin,Euchromatin,0.242199,0.0,0.163626,0.0,0,0
Mccc2,Unknown,Unknown,0.0,0.0,0.0,0.0,0,0
Mcoln2,Unknown,Unknown,0.0,0.0,0.0,0.0,0,0
Mcrip2,Euchromatin,Euchromatin,0.28149,0.0,0.249089,0.0,0,0
Mcub,Euchromatin,Unknown,0.110266,0.0,0.0,0.0,0,0
Mdh2,Euchromatin,Euchromatin,0.20657,0.0,0.183366,0.0,0,0
Me1,Unknown,Unknown,0.0,0.0,0.0,0.0,0,0
Mecr,Euchromatin,Euchromatin,0.215709,0.0,0.127456,0.0,0,0
Med30,Unknown,Unknown,0.0,0.0,0.0,0.0,0,0
Med4,Unknown,Unknown,0.0,0.0,0.0,0.0,0,0
Megf6,Euchromatin,Euchromatin,0.220152,0.0,0.154482,0.0,0,0
Mesp1,Euchromatin,Euchromatin,0.191219,0.0,0.175209,0.0,0,0
Metap1d,Unknown,Unknown,0.0,0.0,0.0,0.0,0,0
Mettl3,Unknown,Unknown,0.0,0.0,0.0,0.0,0,0
Mettl8,Unknown,Unknown,0.0,0.0,0.0,0.0,0,0
Mfap3l,Unknown,Unknown,0.0,0.0,0.0,0.0,0,0
Mfsd6,Unknown,Unknown,0.0,0.0,0.0,0.0,0,0
Mia3,Unknown,Unknown,0.0,0.0,0.0,0.0,0,0
Mif4gd,Euchromatin,Euchromatin,0.237005,0.0,0.155713,0.0,0,0
Mir203,Euchromatin,Euchromatin,0.331857,0.0,0.259684,0.0,0,0
Mir3081,Unknown,Unknown,0.0,0.0,0.0,0.0,0,0
Mir5046,Euchromatin,Euchromatin,0.200826,0.0,0.167161,0.0,0,0
Mir5627,Unknown,Unknown,0.0,0.0,0.0,0.0,0,0
Mir7000,Euchromatin,Euchromatin,0.233664,0.0,0.169141,0.0,0,0
Mir7020,Euchromatin,Euchromatin,0.274858,0.0,0.224699,0.0,0,0
Mkln1os,Heterochromatin,Heterochromatin,0.0,-0.142854,0.0,-0.11645700000000002,0,0
Mlf1,Heterochromatin,Unknown,0.0,-0.114861,0.0,0.0,0,0
Mlxipl,Euchromatin,Euchromatin,0.200489,0.0,0.157985,0.0,0,0
Mmp25,Euchromatin,Euchromatin,0.165648,0.0,0.141097,0.0,0,0
Mns1,Unknown,Unknown,0.0,0.0,0.0,0.0,0,0
Mok,Euchromatin,Euchromatin,0.182347,0.0,0.166523,0.0,0,0
Mpv17l,Unknown,Unknown,0.0,0.0,0.0,0.0,0,0
Mpv17l2,Euchromatin,Euchromatin,0.349687,0.0,0.297748,0.0,0,0
Mrpl17,Unknown,Unknown,0.0,0.0,0.0,0.0,0,0
Mrpl53,Euchromatin,Euchromatin,0.205757,0.0,0.156486,0.0,0,0
Mrps18a,Euchromatin,Unknown,0.168466,0.0,0.0,0.0,0,0
Mrps24,Euchromatin,Unknown,0.146263,0.0,0.0,0.0,0,0
Msh5,Euchromatin,Euchromatin,0.259741,0.0,0.180555,0.0,0,0
Mta3,Euchromatin,Euchromatin,0.122175,0.0,0.129227,0.0,0,0
Mtcl1,Euchromatin,Euchromatin,0.14833,0.0,0.13339,0.0,0,0
Mthfd1,Euchromatin,Unknown,0.104431,0.0,0.0,0.0,0,0
Mthfd2,Unknown,Unknown,0.0,0.0,0.0,0.0,0,0
Mtmr14,Unknown,Unknown,0.0,0.0,0.0,0.0,0,0
Mtmr6,Unknown,Unknown,0.0,0.0,0.0,0.0,0,0
Mto1,Unknown,Unknown,0.0,0.0,0.0,0.0,0,0
Mtor,Euchromatin,Euchromatin,0.180229,0.0,0.14860800000000002,0.0,0,0
Mxd4,Unknown,Euchromatin,0.0,0.0,0.118676,0.0,0,0
Mycl,Euchromatin,Euchromatin,0.204369,0.0,0.115368,0.0,0,0
Myh10,Unknown,Unknown,0.0,0.0,0.0,0.0,0,0
Myod1,Euchromatin,Euchromatin,0.18694,0.0,0.160606,0.0,0,0
N4bp2l2,Unknown,Unknown,0.0,0.0,0.0,0.0,0,0
Nans,Euchromatin,Euchromatin,0.145491,0.0,0.123858,0.0,0,0
Nars1,Unknown,Unknown,0.0,0.0,0.0,0.0,0,0
Nat10,Unknown,Unknown,0.0,0.0,0.0,0.0,0,0
Nbeal2,Euchromatin,Euchromatin,0.237805,0.0,0.172838,0.0,0,0
Ncmap,Euchromatin,Euchromatin,0.21352714050000002,0.0,0.15914009899999998,0.0,0,0
Ncoa4,Unknown,Unknown,0.0,0.0,0.0,0.0,0,0
Ncoa5,Unknown,Unknown,0.0,0.0,0.0,0.0,0,0
Ndn,Unknown,Heterochromatin,0.0,0.0,0.0,-0.116524,0,0
Ndufa5,Unknown,Unknown,0.0,0.0,0.0,0.0,0,0
Ndufa8,Euchromatin,Unknown,0.17524268,0.0,0.0,0.0,0,0
Nefl,Unknown,Unknown,0.0,0.0,0.0,0.0,0,0
Neu3,Unknown,Unknown,0.0,0.0,0.0,0.0,0,0
Nherf4,Unknown,Unknown,0.0,0.0,0.0,0.0,0,0
Niban1,Unknown,Unknown,0.0,0.0,0.0,0.0,0,0
Niban3,Unknown,Unknown,0.0,0.0,0.0,0.0,0,0
Nkain1,Euchromatin,Euchromatin,0.194445,0.0,0.13226,0.0,0,0
Nktr,Unknown,Unknown,0.0,0.0,0.0,0.0,0,0
Nkx1-2,Euchromatin,Euchromatin,0.12150701700000001,0.0,0.121984,0.0,0,0
Nosip,Euchromatin,Euchromatin,0.274519,0.0,0.208871,0.0,0,0
Notch1,Euchromatin,Euchromatin,0.255155,0.0,0.220474,0.0,0,0
Npepl1,Euchromatin,Unknown,0.134562,0.0,0.0,0.0,0,0
Nphs1os,Euchromatin,Euchromatin,0.240705,0.0,0.187712,0.0,0,0
Npm1,Unknown,Unknown,0.0,0.0,0.0,0.0,0,0
Nppc,Euchromatin,Euchromatin,0.114706,0.0,0.117997,0.0,0,0
Nptxr,Euchromatin,Euchromatin,0.241441,0.0,0.196504,0.0,0,0
Nr0b1,Heterochromatin,Unknown,0.0,-0.103562,0.0,0.0,0,0
Nr4a3,Unknown,Unknown,0.0,0.0,0.0,0.0,0,0
Nrl,Euchromatin,Euchromatin,0.22658,0.0,0.116589,0.0,0,0
Nrn1,Unknown,Unknown,0.0,0.0,0.0,0.0,0,0
Nrtn,Euchromatin,Euchromatin,0.255953,0.0,0.22703,0.0,0,0
Nrxn1,Heterochromatin,Unknown,0.0,-0.149497,0.0,0.0,0,0
Nt5c3b,Euchromatin,Euchromatin,0.239772,0.0,0.193398,0.0,0,0
Nt5e,Unknown,Unknown,0.0,0.0,0.0,0.0,0,0
Ntsr1,Euchromatin,Euchromatin,0.235473,0.0,0.10399,0.0,0,0
Nup107,Unknown,Unknown,0.0,0.0,0.0,0.0,0,0
Nusap1,Unknown,Unknown,0.0,0.0,0.0,0.0,0,0
Obsl1,Euchromatin,Euchromatin,0.253294,0.0,0.11615,0.0,0,0
Olig1,Euchromatin,Unknown,0.132799,0.0,0.0,0.0,0,0
Omp,Euchromatin,Euchromatin,0.258765,0.0,0.181799,0.0,0,0
Osbp2,Euchromatin,Unknown,0.143712,0.0,0.0,0.0,0,0
Osbpl9,Unknown,Unknown,0.0,0.0,0.0,0.0,0,0
Papolb,Euchromatin,Euchromatin,0.158518,0.0,0.138597,0.0,0,0
Park7,Euchromatin,Euchromatin,0.149244,0.0,0.138419,0.0,0,0
Parn,Unknown,Unknown,0.0,0.0,0.0,0.0,0,0
Parva,Unknown,Unknown,0.0,0.0,0.0,0.0,0,0
Pax6os1,Euchromatin,Unknown,0.151403,0.0,0.0,0.0,0,0
Paxbp1,Unknown,Unknown,0.0,0.0,0.0,0.0,0,0
Pcbp2,Unknown,Unknown,0.0,0.0,0.0,0.0,0,0
Pcca,Unknown,Unknown,0.0,0.0,0.0,0.0,0,0
Pcdhga12,Unknown,Unknown,0.0,0.0,0.0,0.0,0,0
Pcdhgb7,Unknown,Unknown,0.0,0.0,0.0,0.0,0,0
Pdcd5,Euchromatin,Euchromatin,0.176328,0.0,0.105497,0.0,0,0
Pde1c,Unknown,Unknown,0.0,0.0,0.0,0.0,0,0
Pde4b,Unknown,Unknown,0.0,0.0,0.0,0.0,0,0
Pdha2,Heterochromatin,Heterochromatin,0.0,-0.150658,0.0,-0.105655,0,0
Pdpk1,Euchromatin,Euchromatin,0.263582,0.0,0.180877,0.0,0,0
Pdss1,Unknown,Unknown,0.0,0.0,0.0,0.0,0,0
Pdxp,Euchromatin,Euchromatin,0.319445,0.0,0.238118,0.0,0,0
Pdzd2,Euchromatin,Unknown,0.18866,0.0,0.0,0.0,0,0
Pfkl,Euchromatin,Euchromatin,0.213177,0.0,0.135048,0.0,0,0
Pgap3,Euchromatin,Euchromatin,0.214652,0.0,0.22630100000000003,0.0,0,0
Pgbd5,Euchromatin,Euchromatin,0.220928,0.0,0.134134,0.0,0,0
Pi16,Euchromatin,Euchromatin,0.256857,0.0,0.200953,0.0,0,0
Pi4k2a,Euchromatin,Unknown,0.149822,0.0,0.0,0.0,0,0
Pias3,Euchromatin,Euchromatin,0.147116,0.0,0.177552,0.0,0,0
Pias4,Euchromatin,Euchromatin,0.285742,0.0,0.209895,0.0,0,0
Pigf,Unknown,Unknown,0.0,0.0,0.0,0.0,0,0
Pip5k1c,Euchromatin,Euchromatin,0.360068,0.0,0.267131,0.0,0,0
Pisd,Unknown,Unknown,0.0,0.0,0.0,0.0,0,0
Pitrm1,Unknown,Unknown,0.0,0.0,0.0,0.0,0,0
Plbd1,Euchromatin,Unknown,0.12344,0.0,0.0,0.0,0,0
Plcb2,Euchromatin,Euchromatin,0.22916,0.0,0.148616,0.0,0,0
Pld6,Euchromatin,Unknown,0.168562,0.0,0.0,0.0,0,0
Plek2,Euchromatin,Euchromatin,0.141489,0.0,0.115368,0.0,0,0
Plekha7,Euchromatin,Unknown,0.119921,0.0,0.0,0.0,0,0
Plekhg5,Euchromatin,Euchromatin,0.323018,0.0,0.187715,0.0,0,0
Plxna3,Euchromatin,Unknown,0.116888,0.0,0.0,0.0,0,0
Pml,Euchromatin,Euchromatin,0.20586869400000002,0.0,0.13426,0.0,0,0
Pnp,Unknown,Euchromatin,0.0,0.0,0.104988,0.0,0,0
Pnpla6,Euchromatin,Euchromatin,0.174232,0.0,0.16197,0.0,0,0
Pold2,Euchromatin,Euchromatin,0.232675,0.0,0.182029,0.0,0,0
Poli,Unknown,Unknown,0.0,0.0,0.0,0.0,0,0
Polk,Unknown,Unknown,0.0,0.0,0.0,0.0,0,0
Polr3k,Unknown,Unknown,0.0,0.0,0.0,0.0,0,0
Porcn,Unknown,Unknown,0.0,0.0,0.0,0.0,0,0
Pou2f2,Euchromatin,Euchromatin,0.197539,0.0,0.149911,0.0,0,0
Ppme1,Unknown,Unknown,0.0,0.0,0.0,0.0,0,0
Ppp1r1b,Euchromatin,Euchromatin,0.255467,0.0,0.179078,0.0,0,0
Ppp1r26,Euchromatin,Euchromatin,0.175706,0.0,0.159577,0.0,0,0
Ppp1r35,Euchromatin,Euchromatin,0.122532,0.0,0.128271,0.0,0,0
Ppp1r37,Euchromatin,Euchromatin,0.27007299999999995,0.0,0.260973,0.0,0,0
Ppp4r1l-ps,Unknown,Unknown,0.0,0.0,0.0,0.0,0,0
Prc1,Euchromatin,Euchromatin,0.151085,0.0,0.122629,0.0,0,0
Prdm12,Euchromatin,Euchromatin,0.235537,0.0,0.188877,0.0,0,0
Prkcb,Unknown,Unknown,0.0,0.0,0.0,0.0,0,0
Prkcsh,Euchromatin,Euchromatin,0.222952,0.0,0.109856,0.0,0,0
Prpf4,Euchromatin,Unknown,0.104279,0.0,0.0,0.0,0,0
Prr15,Unknown,Euchromatin,0.0,0.0,0.102611,0.0,0,0
Prr18,Euchromatin,Euchromatin,0.140321,0.0,0.101124,0.0,0,0
Prr5,Euchromatin,Euchromatin,0.275168,0.0,0.228181,0.0,0,0
Prrc2b,Euchromatin,Euchromatin,0.206055581,0.0,0.154950275,0.0,0,0
Prss36,Euchromatin,Euchromatin,0.230282,0.0,0.15389,0.0,0,0
Psap,Euchromatin,Euchromatin,0.237855,0.0,0.144552,0.0,0,0
Psme3ip1,Unknown,Unknown,0.0,0.0,0.0,0.0,0,0
Pstk,Unknown,Unknown,0.0,0.0,0.0,0.0,0,0
Pth2,Euchromatin,Euchromatin,0.328596,0.0,0.239261,0.0,0,0
Ptov1,Euchromatin,Euchromatin,0.274189,0.0,0.230258,0.0,0,0
Ptp4a3,Euchromatin,Euchromatin,0.32231299999999996,0.0,0.242812,0.0,0,0
Ptpru,Euchromatin,Euchromatin,0.215709,0.0,0.127456,0.0,0,0
Pus1,Euchromatin,Euchromatin,0.167396,0.0,0.13686,0.0,0,0
Qrfprl,Unknown,Unknown,0.0,0.0,0.0,0.0,0,0
Qrich1,Unknown,Unknown,0.0,0.0,0.0,0.0,0,0
Rab11fip4,Euchromatin,Unknown,0.128306,0.0,0.0,0.0,0,0
Rab29,Unknown,Unknown,0.0,0.0,0.0,0.0,0,0
Rab31,Euchromatin,Unknown,0.125819,0.0,0.0,0.0,0,0
Rab40b,Euchromatin,Unknown,0.100478,0.0,0.0,0.0,0,0
Rab4a,Euchromatin,Euchromatin,0.188104,0.0,0.123835,0.0,0,0
Rab5c,Euchromatin,Euchromatin,0.196008,0.0,0.13818,0.0,0,0
Rab6b,Euchromatin,Euchromatin,0.189502,0.0,0.202966,0.0,0,0
Rab8a,Euchromatin,Euchromatin,0.113729,0.0,0.101801,0.0,0,0
Racgap1,Euchromatin,Euchromatin,0.241082,0.0,0.19188,0.0,0,0
Rad52,Unknown,Unknown,0.0,0.0,0.0,0.0,0,0
Ralb,Euchromatin,Euchromatin,0.177022,0.0,0.117686,0.0,0,0
Ralgapa2,Unknown,Unknown,0.0,0.0,0.0,0.0,0,0
Ralgapb,Unknown,Unknown,0.0,0.0,0.0,0.0,0,0
Rap1gap2,Euchromatin,Euchromatin,0.157559,0.0,0.133096,0.0,0,0
Rasa4,Euchromatin,Euchromatin,0.286787,0.0,0.13818,0.0,0,0
Rasal1,Euchromatin,Euchromatin,0.275549,0.0,0.21828,0.0,0,0
Rassf1,Euchromatin,Euchromatin,0.2729359125,0.0,0.22290709749999998,0.0,0,0
Rbak,Euchromatin,Euchromatin,0.141676,0.0,0.127694,0.0,0,0
Rbfox1,Unknown,Unknown,0.0,0.0,0.0,0.0,0,0
Rbfox3,Euchromatin,Euchromatin,0.208662,0.0,0.158176,0.0,0,0
Rbm15b,Unknown,Unknown,0.0,0.0,0.0,0.0,0,0
Rbm6,Unknown,Unknown,0.0,0.0,0.0,0.0,0,0
Rbmx2,Unknown,Unknown,0.0,0.0,0.0,0.0,0,0
Rbp7,Euchromatin,Euchromatin,0.186056,0.0,0.132818,0.0,0,0
Rcan3,Euchromatin,Euchromatin,0.196509,0.0,0.136334,0.0,0,0
Recql,Unknown,Euchromatin,0.0,0.0,0.108436,0.0,0,0
Reln,Unknown,Unknown,0.0,0.0,0.0,0.0,0,0
Rexo1,Euchromatin,Euchromatin,0.311473,0.0,0.262342,0.0,0,0
Rfc5,Euchromatin,Euchromatin,0.164398,0.0,0.133717,0.0,0,0
Rfwd3,Euchromatin,Unknown,0.124895,0.0,0.0,0.0,0,0
Rhpn1,Euchromatin,Euchromatin,0.260184,0.0,0.193098,0.0,0,0
Rnaseh1,Euchromatin,Euchromatin,0.157387,0.0,0.12706,0.0,0,0
Rnd1,Euchromatin,Euchromatin,0.174929,0.0,0.156175,0.0,0,0
Rnf141,Unknown,Unknown,0.0,0.0,0.0,0.0,0,0
Rnf32,Unknown,Unknown,0.0,0.0,0.0,0.0,0,0
Rnf39,Unknown,Unknown,0.0,0.0,0.0,0.0,0,0
Robo3,Euchromatin,Unknown,0.122343,0.0,0.0,0.0,0,0
Rpl22,Euchromatin,Euchromatin,0.232757,0.0,0.192291,0.0,0,0
Rpl34,Unknown,Unknown,0.0,0.0,0.0,0.0,0,0
Rragb,Unknown,Unknown,0.0,0.0,0.0,0.0,0,0
Rreb1,Unknown,Unknown,0.0,0.0,0.0,0.0,0,0
Rrm1,Unknown,Unknown,0.0,0.0,0.0,0.0,0,0
Rtbdn,Euchromatin,Euchromatin,0.226984,0.0,0.143151,0.0,0,0
Rtl5,Unknown,Unknown,0.0,0.0,0.0,0.0,0,0
Rtn4rl2,Euchromatin,Euchromatin,0.199239,0.0,0.151271,0.0,0,0
Rusf1,Unknown,Unknown,0.0,0.0,0.0,0.0,0,0
S1pr4,Euchromatin,Euchromatin,0.237915,0.0,0.234076,0.0,0,0
S1pr5,Euchromatin,Euchromatin,0.2399179755,0.0,0.146203746,0.0,0,0
Safb,Euchromatin,Euchromatin,0.284009,0.0,0.135638,0.0,0,0
Sart1,Euchromatin,Euchromatin,0.226718,0.0,0.122107,0.0,0,0
Scai,Unknown,Unknown,0.0,0.0,0.0,0.0,0,0
Scara3,Euchromatin,Euchromatin,0.199817,0.0,0.133763,0.0,0,0
Scx,Euchromatin,Euchromatin,0.283666,0.0,0.214388,0.0,0,0
Sdc3,Euchromatin,Unknown,0.149446,0.0,0.0,0.0,0,0
Sdr39u1,Unknown,Euchromatin,0.0,0.0,0.106261,0.0,0,0
Sec1,Euchromatin,Euchromatin,0.223034,0.0,0.146253,0.0,0,0
Sec11a,Unknown,Unknown,0.0,0.0,0.0,0.0,0,0
Selenon,Euchromatin,Euchromatin,0.258846,0.0,0.144956,0.0,0,0
Sema6d,Unknown,Unknown,0.0,0.0,0.0,0.0,0,0
Sephs2,Euchromatin,Euchromatin,0.144729,0.0,0.135866,0.0,0,0
Serinc2,Euchromatin,Euchromatin,0.269933,0.0,0.150413,0.0,0,0
Serp2,Euchromatin,Unknown,0.116217,0.0,0.0,0.0,0,0
Sesn2,Euchromatin,Unknown,0.114945,0.0,0.0,0.0,0,0
Sfrp4,Unknown,Unknown,0.0,0.0,0.0,0.0,0,0
Sgca,Euchromatin,Euchromatin,0.180887,0.0,0.164822,0.0,0,0
Sgk3,Unknown,Unknown,0.0,0.0,0.0,0.0,0,0
Sgsm3,Euchromatin,Euchromatin,0.127275,0.0,0.109659,0.0,0,0
Sh3bgrl2,Unknown,Unknown,0.0,0.0,0.0,0.0,0,0
Sh3gl3,Unknown,Unknown,0.0,0.0,0.0,0.0,0,0
Shank1,Euchromatin,Euchromatin,0.280539,0.0,0.202262,0.0,0,0
Shank3,Euchromatin,Euchromatin,0.199393,0.0,0.114277,0.0,0,0
Shf,Euchromatin,Euchromatin,0.151007,0.0,0.12226,0.0,0,0
Shfl,Euchromatin,Euchromatin,0.239247,0.0,0.18435,0.0,0,0
Shisa7,Euchromatin,Euchromatin,0.17112100000000002,0.0,0.106941,0.0,0,0
Shisa9,Unknown,Unknown,0.0,0.0,0.0,0.0,0,0
Shroom3,Unknown,Unknown,0.0,0.0,0.0,0.0,0,0
Sidt1,Unknown,Unknown,0.0,0.0,0.0,0.0,0,0
Sirt5,Euchromatin,Unknown,0.135995,0.0,0.0,0.0,0,0
Six4,Unknown,Unknown,0.0,0.0,0.0,0.0,0,0
Skic2,Unknown,Unknown,0.0,0.0,0.0,0.0,0,0
Slc13a2os,Euchromatin,Euchromatin,0.241558,0.0,0.207369,0.0,0,0
Slc17a7,Euchromatin,Euchromatin,0.328596,0.0,0.239261,0.0,0,0
Slc1a6,Unknown,Unknown,0.0,0.0,0.0,0.0,0,0
Slc23a2,Unknown,Unknown,0.0,0.0,0.0,0.0,0,0
Slc25a22,Euchromatin,Euchromatin,0.285316,0.0,0.201932,0.0,0,0
Slc25a43,Unknown,Unknown,0.0,0.0,0.0,0.0,0,0
Slc29a1,Euchromatin,Euchromatin,0.187789335,0.0,0.136933631,0.0,0,0
Slc30a5,Unknown,Unknown,0.0,0.0,0.0,0.0,0,0
Slc35a2,Unknown,Unknown,0.0,0.0,0.0,0.0,0,0
Slc37a2,Unknown,Unknown,0.0,0.0,0.0,0.0,0,0
Slc37a3,Unknown,Unknown,0.0,0.0,0.0,0.0,0,0
Slc41a2,Unknown,Unknown,0.0,0.0,0.0,0.0,0,0
Slc4a3,Euchromatin,Euchromatin,0.253294,0.0,0.11615,0.0,0,0
Slc5a8,Unknown,Unknown,0.0,0.0,0.0,0.0,0,0
Slc6a17,Euchromatin,Euchromatin,0.14647,0.0,0.112242,0.0,0,0
Slc7a4,Euchromatin,Euchromatin,0.156417,0.0,0.141712,0.0,0,0
Slco2a1,Euchromatin,Euchromatin,0.14397,0.0,0.136395,0.0,0,0
Smarcc1,Unknown,Unknown,0.0,0.0,0.0,0.0,0,0
Smim10l2a,Unknown,Unknown,0.0,0.0,0.0,0.0,0,0
Smoc1,Euchromatin,Unknown,0.160279,0.0,0.0,0.0,0,0
Smu1,Unknown,Unknown,0.0,0.0,0.0,0.0,0,0
Smug1,Euchromatin,Euchromatin,0.134615,0.0,0.1425,0.0,0,0
Smyd3,Unknown,Unknown,0.0,0.0,0.0,0.0,0,0
Snhg10,Euchromatin,Euchromatin,0.207723,0.0,0.160733,0.0,0,0
Snrk,Unknown,Unknown,0.0,0.0,0.0,0.0,0,0
Snrpb,Unknown,Unknown,0.0,0.0,0.0,0.0,0,0
Snrpe,Unknown,Unknown,0.0,0.0,0.0,0.0,0,0
Snx12,Unknown,Unknown,0.0,0.0,0.0,0.0,0,0
Snx22,Euchromatin,Unknown,0.169503,0.0,0.0,0.0,0,0
Snx8,Euchromatin,Unknown,0.18307,0.0,0.0,0.0,0,0
Son,Euchromatin,Euchromatin,0.134575,0.0,0.135895,0.0,0,0
Sowahd,Unknown,Unknown,0.0,0.0,0.0,0.0,0,0
Spag6l,Unknown,Unknown,0.0,0.0,0.0,0.0,0,0
Speg,Euchromatin,Euchromatin,0.186339,0.0,0.141446,0.0,0,0
Srebf1,Euchromatin,Euchromatin,0.253695,0.0,0.23519,0.0,0,0
Srl,Euchromatin,Euchromatin,0.140774,0.0,0.115271,0.0,0,0
Srrm4,Euchromatin,Unknown,0.11525,0.0,0.0,0.0,0,0
Srsf12,Unknown,Unknown,0.0,0.0,0.0,0.0,0,0
St6galnac2,Euchromatin,Euchromatin,0.235787,0.0,0.15885299999999997,0.0,0,0
Stat5a,Euchromatin,Euchromatin,0.2058,0.0,0.187162,0.0,0,0
Stox1,Unknown,Unknown,0.0,0.0,0.0,0.0,0,0
Stx11,Unknown,Unknown,0.0,0.0,0.0,0.0,0,0
Sulf2,Euchromatin,Euchromatin,0.257996,0.0,0.184299,0.0,0,0
Surf1,Euchromatin,Euchromatin,0.173181,0.0,0.125464,0.0,0,0
Svep1,Unknown,Unknown,0.0,0.0,0.0,0.0,0,0
Swi5,Euchromatin,Euchromatin,0.208756,0.0,0.145953,0.0,0,0
Sybu,Heterochromatin,Unknown,0.0,-0.132431,0.0,0.0,0,0
Syne4,Euchromatin,Euchromatin,0.245115,0.0,0.126127,0.0,0,0
Sypl2,Euchromatin,Euchromatin,0.109787,0.0,0.102514,0.0,0,0
Tal2,Unknown,Unknown,0.0,0.0,0.0,0.0,0,0
Tamm41,Euchromatin,Euchromatin,0.11299,0.0,0.139879,0.0,0,0
Tasor,Unknown,Unknown,0.0,0.0,0.0,0.0,0,0
Tbc1d2,Euchromatin,Euchromatin,0.204338,0.0,0.10626,0.0,0,0
Tbc1d2b,Unknown,Unknown,0.0,0.0,0.0,0.0,0,0
Tbx1,Euchromatin,Euchromatin,0.277672,0.0,0.150571,0.0,0,0
Tbx20,Unknown,Unknown,0.0,0.0,0.0,0.0,0,0
Tcp1,Unknown,Unknown,0.0,0.0,0.0,0.0,0,0
Tekt5,Euchromatin,Euchromatin,0.187674,0.0,0.145707,0.0,0,0
Tent5b,Euchromatin,Euchromatin,0.247522,0.0,0.120545,0.0,0,0
Tesk1,Euchromatin,Euchromatin,0.213572,0.0,0.185768,0.0,0,0
Tfap2c,Euchromatin,Euchromatin,0.175648,0.0,0.120356,0.0,0,0
Tfdp1,Euchromatin,Euchromatin,0.172456,0.0,0.15092,0.0,0,0
Tgoln1,Euchromatin,Euchromatin,0.159256,0.0,0.131782,0.0,0,0
Themis2,Euchromatin,Euchromatin,0.208102,0.0,0.186813,0.0,0,0
Thop1,Euchromatin,Euchromatin,0.2942000000000001,0.0,0.221544,0.0,0,0
Ticrr,Unknown,Unknown,0.0,0.0,0.0,0.0,0,0
Tigar,Euchromatin,Euchromatin,0.134231,0.0,0.12781,0.0,0,0
Tipin,Unknown,Unknown,0.0,0.0,0.0,0.0,0,0
Tmem114,Euchromatin,Euchromatin,0.16424,0.0,0.128519,0.0,0,0
Tmem132d,Unknown,Euchromatin,0.0,0.0,0.124881,0.0,0,0
Tmem145,Euchromatin,Euchromatin,0.236323,0.0,0.168848,0.0,0,0
Tmem150a,Euchromatin,Euchromatin,0.192633,0.0,0.112946,0.0,0,0
Tmem151a,Euchromatin,Euchromatin,0.28089400000000003,0.0,0.256173,0.0,0,0
Tmem151b,Euchromatin,Euchromatin,0.2538847775,0.0,0.221737506,0.0,0,0
Tmem165,Unknown,Unknown,0.0,0.0,0.0,0.0,0,0
Tmem185b,Euchromatin,Euchromatin,0.177022,0.0,0.117686,0.0,0,0
Tmem250-ps,Euchromatin,Euchromatin,0.234652,0.0,0.214907,0.0,0,0
Tmem59l,Euchromatin,Euchromatin,0.274699,0.0,0.186857,0.0,0,0
Tmx1,Unknown,Unknown,0.0,0.0,0.0,0.0,0,0
Tnc,Unknown,Unknown,0.0,0.0,0.0,0.0,0,0
Tnfaip8l3,Unknown,Unknown,0.0,0.0,0.0,0.0,0,0
Tnfrsf10b,Euchromatin,Unknown,0.136435,0.0,0.0,0.0,0,0
Tnfrsf1a,Euchromatin,Euchromatin,0.237028,0.0,0.157397,0.0,0,0
Tnfrsf25,Euchromatin,Euchromatin,0.319537,0.0,0.241457,0.0,0,0
Tnfsf11,Unknown,Unknown,0.0,0.0,0.0,0.0,0,0
Tnpo3,Euchromatin,Unknown,0.113922,0.0,0.0,0.0,0,0
Tns1,Euchromatin,Euchromatin,0.203392,0.0,0.150483,0.0,0,0
Tomm22,Euchromatin,Euchromatin,0.192306,0.0,0.121252,0.0,0,0
Top1,Euchromatin,Unknown,0.125555,0.0,0.0,0.0,0,0
Tor2a,Euchromatin,Euchromatin,0.295464,0.0,0.16919,0.0,0,0
Tpbgl,Euchromatin,Euchromatin,0.166108,0.0,0.134881,0.0,0,0
Tpst1,Euchromatin,Euchromatin,0.111903,0.0,0.105428,0.0,0,0
Tpst2,Euchromatin,Euchromatin,0.206802,0.0,0.162797,0.0,0,0
Traf6,Unknown,Unknown,0.0,0.0,0.0,0.0,0,0
Tram1l1,Heterochromatin,Heterochromatin,0.0,-0.139853,0.0,-0.120558,0,0
Trim2,Euchromatin,Unknown,0.130828,0.0,0.0,0.0,0,0
Trim7,Euchromatin,Unknown,0.118323,0.0,0.0,0.0,0,0
Trmt1,Euchromatin,Euchromatin,0.210354,0.0,0.13626,0.0,0,0
Trmt11,Unknown,Unknown,0.0,0.0,0.0,0.0,0,0
Tro,Unknown,Unknown,0.0,0.0,0.0,0.0,0,0
Tsga10,Unknown,Unknown,0.0,0.0,0.0,0.0,0,0
Tspan6,Unknown,Unknown,0.0,0.0,0.0,0.0,0,0
Ttbk1,Euchromatin,Euchromatin,0.256104,0.0,0.188182,0.0,0,0
Ttc28,Unknown,Unknown,0.0,0.0,0.0,0.0,0,0
Ttc4,Euchromatin,Unknown,0.133573,0.0,0.0,0.0,0,0
Ttc6,Unknown,Unknown,0.0,0.0,0.0,0.0,0,0
Ttc9,Unknown,Euchromatin,0.0,0.0,0.120269,0.0,0,0
Tuba3a,Unknown,Euchromatin,0.0,0.0,0.123398,0.0,0,0
Tubb2b,Unknown,Unknown,0.0,0.0,0.0,0.0,0,0
Twf1,Unknown,Unknown,0.0,0.0,0.0,0.0,0,0
Twist2,Euchromatin,Unknown,0.1976030565,0.0,0.0,0.0,0,0
Txlng,Unknown,Unknown,0.0,0.0,0.0,0.0,0,0
Txndc11,Unknown,Unknown,0.0,0.0,0.0,0.0,0,0
Uba3,Unknown,Unknown,0.0,0.0,0.0,0.0,0,0
Ube2d1,Unknown,Unknown,0.0,0.0,0.0,0.0,0,0
Ube2t,Unknown,Unknown,0.0,0.0,0.0,0.0,0,0
Uimc1,Euchromatin,Euchromatin,0.108346,0.0,0.110168,0.0,0,0
Unc5a,Euchromatin,Euchromatin,0.253043,0.0,0.16740800000000003,0.0,0,0
Uqcrc1,Euchromatin,Unknown,0.14322,0.0,0.0,0.0,0,0
Uros,Euchromatin,Euchromatin,0.121197,0.0,0.136985,0.0,0,0
Usp10,Euchromatin,Euchromatin,0.187156,0.0,0.10304,0.0,0,0
Usp2,Euchromatin,Euchromatin,0.206828,0.0,0.168952,0.0,0,0
Usp24,Unknown,Unknown,0.0,0.0,0.0,0.0,0,0
Usp36,Euchromatin,Euchromatin,0.20735,0.0,0.166671,0.0,0,0
Usp8,Unknown,Unknown,0.0,0.0,0.0,0.0,0,0
Vax2,Euchromatin,Euchromatin,0.192563,0.0,0.14835,0.0,0,0
Vcpip1,Unknown,Unknown,0.0,0.0,0.0,0.0,0,0
Vdr,Euchromatin,Unknown,0.19049699999999997,0.0,0.0,0.0,0,0
Vgf,Euchromatin,Euchromatin,0.218477,0.0,0.15658,0.0,0,0
Vipr1,Euchromatin,Euchromatin,0.223183,0.0,0.127158,0.0,0,0
Vps13b,Unknown,Unknown,0.0,0.0,0.0,0.0,0,0
Vps18,Euchromatin,Euchromatin,0.14921,0.0,0.160766,0.0,0,0
Vps37d,Euchromatin,Euchromatin,0.200489,0.0,0.157985,0.0,0,0
Vps4b,Unknown,Unknown,0.0,0.0,0.0,0.0,0,0
Vrk1,Euchromatin,Unknown,0.101965,0.0,0.0,0.0,0,0
Vsnl1,Unknown,Unknown,0.0,0.0,0.0,0.0,0,0
Vwa3b,Unknown,Unknown,0.0,0.0,0.0,0.0,0,0
Wdr31,Unknown,Unknown,0.0,0.0,0.0,0.0,0,0
Wdr33,Unknown,Unknown,0.0,0.0,0.0,0.0,0,0
Wdr44,Unknown,Unknown,0.0,0.0,0.0,0.0,0,0
Wdr47,Unknown,Unknown,0.0,0.0,0.0,0.0,0,0
Wdr83,Euchromatin,Euchromatin,0.17448,0.0,0.160921,0.0,0,0
Wdr89,Unknown,Unknown,0.0,0.0,0.0,0.0,0,0
Wnt2b,Euchromatin,Unknown,0.12925,0.0,0.0,0.0,0,0
Xk,Unknown,Unknown,0.0,0.0,0.0,0.0,0,0
Xrcc1,Euchromatin,Euchromatin,0.248629,0.0,0.132475,0.0,0,0
Yjefn3,Euchromatin,Euchromatin,0.186005,0.0,0.12482000000000001,0.0,0,0
Ythdf3,Heterochromatin,Unknown,0.0,-0.13722,0.0,0.0,0,0
Zbed4,Euchromatin,Unknown,0.11947399999999998,0.0,0.0,0.0,0,0
Zbtb17,Euchromatin,Euchromatin,0.255509,0.0,0.169485,0.0,0,0
Zbtb7c,Euchromatin,Euchromatin,0.119837,0.0,0.106882,0.0,0,0
Zcchc8,Unknown,Unknown,0.0,0.0,0.0,0.0,0,0
Zdhhc1,Euchromatin,Euchromatin,0.141699,0.0,0.150264,0.0,0,0
Zfp219,Euchromatin,Euchromatin,0.166797,0.0,0.13578,0.0,0,0
Zfp428,Euchromatin,Euchromatin,0.248629,0.0,0.132475,0.0,0,0
Zfp593,Euchromatin,Euchromatin,0.269717,0.0,0.170002,0.0,0,0
Zfp606,Unknown,Unknown,0.0,0.0,0.0,0.0,0,0
Zfp658,Unknown,Unknown,0.0,0.0,0.0,0.0,0,0
Zfp786,Unknown,Unknown,0.0,0.0,0.0,0.0,0,0
Zfp853,Euchromatin,Euchromatin,0.266793,0.0,0.17736,0.0,0,0
Zfp866,Euchromatin,Unknown,0.109485,0.0,0.0,0.0,0,0
Zftraf1,Unknown,Unknown,0.0,0.0,0.0,0.0,0,0
Zglp1,Euchromatin,Euchromatin,0.178673,0.0,0.158891,0.0,0,0
Zmat4,Euchromatin,Unknown,0.104558,0.0,0.0,0.0,0,0
Zmym1,Unknown,Unknown,0.0,0.0,0.0,0.0,0,0
Zmynd15,Unknown,Euchromatin,0.0,0.0,0.112202,0.0,0,0
Zmynd19,Euchromatin,Unknown,0.121416,0.0,0.0,0.0,0,0
Zscan10,Euchromatin,Euchromatin,0.19003922399999998,0.0,0.141832592,0.0,0,0
Zxdc,Unknown,Unknown,0.0,0.0,0.0,0.0,0,0
